id,num_vertices,num_faces,volume,surface_area,average_edge_length,genus,max_ver_magdisp,max_ver_stress,max_hor_magdisp,max_hor_stress,max_dia_magdisp,max_dia_stress,max_tor_magdisp,max_tor_stress,num_tets,mass,High_Stress_Area,Critical_Area_Ratio,curvature
0,42360,84764,307642.70359097305,73622.29836912792,1.3470765411451024,12.0,0.3218256,658.5779,0.2398733,414.3286,0.1656672,319.0323,0.1749505,325.8028,570111,1.3751628850516495,9417,0.0834300497018773,0.09179211181492986
4,35622,71368,104015.59872298413,39149.66754684719,1.0485144030150015,32.0,1.222151,1057.485,1.000106,908.3706,0.6117905,752.3348,0.3997367,432.3469,431759,0.4649497262917391,7166,0.0815170405423852,0.20555539943135476
6,35186,70532,114996.43975304914,58499.675375228704,1.306740289802938,41.0,4.433872,4823.208,0.9654084,1666.009,3.76125,4342.286,0.4957121,906.2914,314815,0.5140340856961297,5642,0.0820702295406278,0.20856880500492284
8,24577,49174,89326.26856864101,30458.40876419841,1.1300231371041438,6.0,1.516299,1008.945,1.608428,956.9317,0.3757124,469.8122,0.5833325,676.9794,293971,0.3992884205018253,6173,0.10276686422055,0.12130656811652417
9,38322,76720,78486.3213117592,38243.142004311085,0.9895066473315292,20.0,2.183306,1677.547,1.88095,1919.958,0.787904,1507.509,0.6043976,826.2255,481030,0.3508338562635636,9194,0.0947541997320416,0.21898724683442453
10,43107,86250,89919.88528275519,69797.80972083045,1.2926922316502507,10.0,0.98185,788.448,0.8286518,607.6455,0.4665779,510.9708,0.3961667,731.7008,401725,0.4019418872139157,9292,0.1074579916966381,0.12599592275812013
12,45862,91792,164079.85278731736,46607.6522412569,0.9992946722834036,18.0,0.7475083,1851.074,0.7642335,1133.119,0.2016566,837.7428,0.2715657,441.3822,625048,0.7334369419593086,9176,0.0740364211426588,0.15298457686071507
14,39157,78710,211506.4406569465,61185.84616055647,1.2869115891704193,100.0,1.168271,1330.051,0.9337082,765.4058,0.3764596,621.1868,0.2022859,352.4014,469738,0.945433789736551,9691,0.1019129044809708,0.1603453586245071
15,20730,41484,129481.0876004323,48599.39154042077,1.604276213688996,7.0,0.6602831,837.8741,0.6776149,643.8823,0.2996366,406.5309,0.2322743,338.0365,224221,0.5787804615739325,4556,0.0974920825130531,0.11665400345292616
16,25703,51446,98714.93865364912,32239.874929130845,1.1568889965714968,11.0,1.327584,1761.383,1.026911,1250.093,0.5734717,619.5664,0.3732003,593.4944,303819,0.4412557757818116,5247,0.0842580251473351,0.12929412294100143
19,37987,75994,93522.85030633993,42798.433277727454,1.0468154073511473,6.0,1.464788,1202.083,1.613414,842.0427,0.5211643,818.2881,0.6637756,882.8882,438547,0.4180471408693395,9350,0.103821981389771,0.1560385572995728
20,27529,55254,93875.5033490189,53155.74975759405,1.4317761980267234,50.0,1.069466,791.5018,1.007401,660.8558,0.6355884,633.4947,0.3833724,476.9447,267823,0.4196234999701145,6106,0.1068080044780296,0.20022957234158248
21,15564,31148,72802.09743533103,27713.388501747715,1.3825284893067773,6.0,2.165065,1006.544,1.490522,791.685,1.743223,1066.08,0.6254251,645.7174,176078,0.3254253755359297,4375,0.1197186952714536,0.18254773762679283
22,40427,80886,173762.23226663907,84855.88713619953,1.5169701957295074,9.0,0.5641687,680.1785,0.412142,537.7938,0.3189507,315.2081,0.189726,321.0497,346004,0.7767171782318767,7929,0.1043990045951888,0.1304214455575865
23,19039,38106,45453.15481393392,23265.68753817487,1.136483332494525,8.0,4.074253,2709.147,5.154334,2406.072,0.7986945,840.5061,1.358528,1138.232,207884,0.2031756020182846,3649,0.0841753171856978,0.15759989004773495
25,32413,64850,79950.48894225042,27381.777461829595,0.9211128293375764,7.0,2.291078,2468.175,2.233003,1786.254,0.5177682,843.7404,0.5447881,530.7501,477057,0.3573786855718594,8031,0.0859969803077516,0.16968973585680613
27,23986,47992,213306.1128358725,43655.6500845981,1.3771407932909636,6.0,1.416727,850.4824,0.8860566,387.2315,0.642565,685.4629,0.7180872,457.7581,317477,0.9534783243763502,5820,0.0916780870469259,0.09677189512715562
28,23668,47372,204116.99740753183,52654.57046694403,1.5393128053810277,10.0,1.056893,1272.023,0.8828787,810.3981,0.3532265,530.9316,0.166005,518.1812,296626,0.9124029784116674,5837,0.0973612223111822,0.0948800285522302
29,92602,185240,97972.9138033977,62090.05108399379,0.8350067597868428,10.0,1.750704,1891.641,1.480224,1295.897,0.5749731,821.8462,0.4062034,599.2084,1152206,0.4379389247011878,20457,0.088268035899206,0.16252376760827159
30,10647,21314,68878.16460815653,26983.61654921044,1.6781513892869326,6.0,2.196278,1303.199,2.079943,1017.983,1.068309,726.2039,1.698491,1336.627,100965,0.3078853957984597,2253,0.1028485346480416,0.12991954493429034
33,91955,184270,59820.13804070128,71544.05186683616,0.8993838189804008,91.0,2.506477,1346.228,2.961179,1367.509,1.108796,1054.877,0.752136,682.7851,750487,0.2673960170419347,12478,0.0743423992373916,0.1801093422869588
34,55026,110116,54720.79918545771,49996.3028401114,0.9711584551407126,17.0,2.009158,1194.335,2.148854,1231.333,0.5994661,844.6988,0.5928597,780.0781,490613,0.244601972358996,8403,0.0786701993203074,0.14403128737408433
35,36822,73712,46488.2226733158,46683.85168852177,1.1752268726673154,18.0,2.587605,1602.432,3.832947,1529.422,1.12039,988.0487,0.6352522,662.9236,289286,0.2078023553497216,5019,0.0770896691549165,0.1463029764707507
38,23502,47028,172230.42075226916,36796.78004318669,1.2817101697235391,7.0,0.5824952,744.9553,0.4269034,497.4877,0.4014889,753.883,0.2705508,415.1404,286072,0.7698699807626432,5110,0.0876952119443967,0.10952607918905657
39,19042,38104,239921.6867906987,41414.21525522713,1.5649808407309456,6.0,0.4120154,687.1707,0.4891678,553.4059,0.1709405,343.5669,0.1712208,305.9454,234831,1.0724499399544234,4403,0.0922944702972372,0.0843582361605813
40,12808,25648,95869.64045432056,33300.922238238105,1.6995057347415992,9.0,1.370862,1448.087,1.467324,1060.028,0.326268,638.6975,0.6108811,786.539,136271,0.4285372928308129,2435,0.0849438359031605,0.13182501631166618
50,19950,39920,78769.9968815968,31155.86161514028,1.2688979961317854,6.0,1.536677,1188.339,1.990238,1038.505,0.5360041,578.351,0.7387816,1256.035,221839,0.3521018860607377,3604,0.0782576596530084,0.12020457256449761
51,28697,57494,224368.49446106184,58181.64509353877,1.468731016043942,26.0,0.9693751,1408.615,0.7368961,751.8851,0.422471,682.9803,0.2383381,387.5391,340975,1.0029271702409466,7147,0.1030287304127203,0.14055037521487065
53,37407,75142,110915.23148291034,55682.08417141908,1.2371442623736366,83.0,2.440479,2512.976,3.457741,4326.222,1.262147,2636.069,0.5715813,1036.837,414851,0.4957910847286093,8987,0.1044842058758559,0.177001421913592
55,20854,41740,89623.60196104774,35868.872325708144,1.327350028474847,9.0,1.392442,2161.954,1.444185,1658.983,0.4892057,1011.331,0.4300978,623.5731,242282,0.4006175007658834,4253,0.0853108137925501,0.12831692100810746
56,18474,36968,284927.5612788341,50810.38775427365,1.7641921713907045,6.0,0.5084434,778.228,0.4301174,507.0108,0.1872515,370.0817,0.1694518,295.9936,219410,1.2736261989163886,4505,0.1002894033837934,0.07950662525217707
58,19734,39488,306833.9377348144,53982.41837108561,1.7599598590756649,6.0,0.4424836,682.9165,0.369788,405.2676,0.1725674,336.4866,0.17014,319.2635,243475,1.3715477016746205,4763,0.0964462893591171,0.08211026675403515
59,17663,35346,93356.65952727248,33178.9034772958,1.4221208430458496,6.0,2.522228,1641.794,3.04978,1241.843,0.5594327,787.7128,0.4886863,562.486,179707,0.417304268086908,3499,0.0916016545368867,0.09576325345470307
61,17098,34216,324206.9054228962,48881.98941447545,1.7969729154431495,6.0,0.4390384,1006.75,0.3733253,408.8269,0.1633324,676.8886,0.2294946,389.1822,201352,1.449204867240346,3830,0.0925411361055403,0.06358231917555175
62,13301,26622,106473.15918764911,34067.50969869271,1.700148199859882,6.0,1.333492,1000.181,1.068866,687.8608,0.4391686,415.6976,0.3783407,430.7633,135618,0.4759350215687916,2803,0.0972183684794672,0.09887921446095206
63,29736,59500,123696.60505444168,67779.71073236015,1.601223674331567,8.0,0.7376505,665.0992,0.5653824,481.0448,0.4469345,445.1033,0.3486796,452.5424,237990,0.5529238245933543,5963,0.1116938580553318,0.11702617033293014
64,23840,47700,249369.49536109244,41713.5179103645,1.3050790405204782,6.0,0.5917521,699.0228,0.6007903,509.162,0.2275115,432.1361,0.2650914,574.2831,327626,1.1146816442640832,5904,0.0909314933464761,0.1115169267552206
65,16857,33754,134527.20460649332,40327.55728482887,1.65656301099322,11.0,1.825855,1383.473,0.4459702,534.8087,1.400475,924.5239,0.2126875,308.433,177903,0.6013366045910252,4379,0.1170511346930047,0.08043754539421087
66,38613,77270,105326.7553414372,45436.94413949156,1.094270433969913,12.0,0.5896018,1161.774,0.5693856,862.8164,0.3920666,814.8082,0.31932,610.1272,465341,0.4708105963762243,8475,0.0895773218758918,0.14137730347200073
69,13204,26436,168521.76436021435,43835.24855088038,1.960584869999355,8.0,1.074535,1167.994,0.9484822,635.1621,0.6710564,678.2489,0.4405645,465.7251,128694,0.7532922866901582,2822,0.1016204537270435,0.07139191896348179
70,14078,28180,108878.27899830056,35275.03249701776,1.6568700879603435,7.0,1.432069,1435.222,1.23038,1126.926,0.4870729,628.9907,0.289217,411.0273,132859,0.4866859071224035,2982,0.1031798207674475,0.09461472646514564
71,17801,35634,134341.64790866207,43683.188454045056,1.648408909319789,9.0,1.823161,2864.464,2.123211,2307.41,0.3436465,1253.246,0.4547605,414.8506,199412,0.6005071661517195,4143,0.1003949887319165,0.17373572292204803
72,16941,33910,141278.8356532572,47454.26501120136,1.778571493310248,8.0,1.506919,1223.792,1.781618,1189.625,0.617431,1086.385,0.5785369,434.4343,164020,0.6315163953700598,3818,0.1081004558452957,0.08237168855419731
73,52667,105478,122129.5491220946,45263.08741785887,0.947768403923212,37.0,1.575359,1746.851,0.9470996,837.8126,0.9649112,1629.518,0.7810993,805.8174,663966,0.5459190845757629,11291,0.084284466606451,0.1479195323772437
76,26345,52894,109214.4872363806,53956.71596454407,1.4699995071318035,52.0,0.8830404,728.9378,0.8113034,642.4574,0.5745158,622.3306,0.33366,460.4828,256650,0.4881887579466213,6192,0.1130133235991969,0.18371052572946622
77,21939,43906,139009.43276562094,49808.27615671,1.570225864674726,8.0,0.8048338,722.8359,0.8744306,762.1683,0.753639,522.3374,0.2283724,309.1831,258370,0.6213721644623257,6364,0.120555418742541,0.089270619392951
78,46102,92224,179291.71402999217,48209.50304940701,1.0065161174534014,6.0,1.259153,1343.678,1.295173,933.9296,0.2674286,598.8268,0.3336877,514.6563,619369,0.8014339617140651,9500,0.0770878639358629,0.12663099709297368
79,39610,79240,172574.74254905366,102807.85583591432,1.720306259029191,6.0,0.7636228,787.9434,0.3575586,375.2846,0.56291,760.9284,0.215547,307.2901,284980,0.7714090991942699,6767,0.1031727881199591,0.05974381108299685
80,34049,68134,93297.62317828865,32859.04518125175,0.9790896616534432,10.0,2.408189,2047.418,2.698867,1347.981,0.6875717,943.3354,0.8422624,789.9477,417734,0.4170403756069503,7948,0.0937032102899046,0.1379329270330484
81,33268,66572,93384.23587106206,32950.94821668793,0.985772288664254,10.0,2.412284,1780.479,2.650574,1205.093,0.7012163,916.0231,0.8052344,798.5527,416004,0.4174275343436474,7791,0.0926419177626102,0.1368127828833328
82,97341,194834,109538.71941165626,65616.3004759238,0.8388807519634045,39.0,2.949905,2711.418,2.364963,1748.93,0.9140135,1184.888,0.3191369,390.821,1211060,0.4896380757701035,18852,0.077401554436055,0.22303411076791524
86,64534,129388,312680.31268429186,120743.80331821392,1.4653313219032675,81.0,0.2884869,483.8012,0.2116809,269.0778,0.1520164,245.3218,0.1658531,325.2237,642162,1.3976809976987847,11972,0.0908490730693054,0.21483252737381472
87,31281,62586,239658.15298395712,66740.77680200135,1.5304402228530514,7.0,0.6808685,879.9901,0.5823802,479.5972,0.2605833,471.3498,0.1385729,281.5208,395743,1.0712719438382885,8488,0.106739100363426,0.09943808083548368
91,26248,52516,134717.9846430522,39195.814746711854,1.219866457388396,6.0,0.8279374,655.2886,0.5014808,514.4991,0.4863251,419.2048,0.235828,405.1993,368440,0.6021893913544434,7580,0.1042096290797107,0.1726802564924889
92,17124,34268,374336.5557608854,52551.75430168271,1.8617679149212367,6.0,0.3216349,513.6497,0.2460626,324.0308,0.1494061,300.0116,0.1482469,303.0572,215973,1.673284404251158,4034,0.0922310119347021,0.12531166064270385
94,30847,61714,94034.82450920444,29985.500511769664,0.951571187765992,6.0,2.823291,2087.721,2.57613,1872.396,0.6373073,864.632,0.3810347,468.9343,374068,0.4203356655561439,5888,0.0772348658752541,0.15814878861136197
95,41960,83984,134182.38190958148,42875.125630057366,1.0155045918649173,17.0,1.7207,743.5557,0.9565755,657.0261,0.9844111,672.7443,0.936377,613.8535,575194,0.5997952471358293,9693,0.0849763735348523,0.18946744569976345
96,28250,56524,167682.10542342954,47998.30420888239,1.333990611156323,7.0,2.675561,1394.086,2.578407,1112.831,0.6270611,569.2162,0.2446773,410.7895,356485,0.7495390112427301,7180,0.099984682012505,0.10212669755745535
97,61246,122608,168726.04086006148,56654.297873919895,0.9558190970392548,30.0,0.9506122,741.4283,1.222058,853.3026,0.2908719,382.6891,0.3070789,467.9254,808470,0.7542054026444749,15714,0.0973859368608931,0.17423167547235188
98,63028,126172,169782.42065456067,57270.383626108494,0.9491553469118358,30.0,0.9300627,722.8921,1.201393,866.4918,0.2993264,396.6914,0.2813896,442.4305,835000,0.7589274203258862,16163,0.0970436014745968,0.18153048648233627
101,28483,56994,145593.28863595804,71414.61765957621,1.6711031667593048,8.0,0.8172499,717.2394,0.9080148,600.2522,0.3495609,527.1879,0.2889144,358.3351,288833,0.6508020002027325,6811,0.1122815694032311,0.11850462272269827
102,54488,109792,108852.33353164943,61581.607867157225,1.0707208050218724,205.0,1.227479,1474.907,0.9625123,1865.747,0.5222916,724.1509,0.3368638,491.5602,489373,0.486569930886473,10971,0.1026583948572551,0.201885427755811
106,50866,101752,234930.7750971574,63497.10349050099,1.0821828573830412,6.0,0.8783373,996.3485,0.6377039,554.5587,0.3744071,680.5646,0.2943741,474.3581,868383,1.0501405646842936,15663,0.0949382050054248,0.12544815222132652
107,18741,37502,285643.6943754294,47850.57114740406,1.6903605483422195,6.0,0.3819695,592.324,0.2795374,349.2282,0.1657962,297.4729,0.1763165,316.9294,231319,1.2768273138581696,4394,0.0935789585773613,0.0846958148394653
108,72149,144334,106016.574421296,63828.99583348884,0.9371403479686544,10.0,1.306946,967.6602,0.8740316,620.5573,0.6080902,574.8652,0.3424861,454.401,830260,0.4738940876631931,16334,0.0963123695413752,0.16341714931916404
112,39536,79120,130219.23154383818,49577.36459674614,1.124633957964858,13.0,1.511275,1267.235,1.820237,1666.519,0.7099185,930.1992,0.254558,396.929,498272,0.5820799650009567,9107,0.0905907748013011,0.1514135627725627
113,20830,41684,243903.1766238557,55831.89056937718,1.738332404644918,7.0,0.5978304,748.3798,0.4694385,482.8434,0.2346037,351.7932,0.1731338,304.8788,231495,1.0902471995086351,4849,0.1008716273844937,0.07831731182483832
114,29063,58146,158666.4329895637,47162.777720826496,1.3040582915580317,6.0,1.578331,1707.858,1.442992,1101.314,0.3801667,733.7027,0.1489883,275.212,363638,0.7092389554633498,5728,0.078004139884519,0.0898654386136907
115,15608,31236,177391.23357520916,41756.90169697834,1.7297358180190308,6.0,1.112942,965.1507,0.2867484,250.8073,0.8175489,950.2092,0.3722085,756.3696,157926,0.792938814081185,3725,0.1105177273401572,0.08256648839114676
116,17892,35824,177142.82428419648,46207.84564644509,1.6786519346594977,11.0,1.255562,1184.622,1.113364,770.3575,0.385934,488.3409,0.2031193,315.6531,194912,0.7918284245503584,4038,0.0990288404944084,0.10228918597332363
119,25545,51122,234602.1410306718,67086.6532992412,1.716506648391792,9.0,0.7263337,803.2215,0.6151729,486.8904,0.2747508,437.6518,0.1904362,316.8724,290797,1.048671570407103,5785,0.0965840790703886,0.09854257061762722
120,51383,102818,150628.93556897342,70460.02477832085,1.1785545052275004,14.0,0.6320509,535.561,0.5874962,475.1161,0.3408341,530.1401,0.2821725,345.7274,582373,0.6733113419933112,11375,0.0950292397660818,0.17744035674013733
121,16193,32422,133303.2809351965,42478.08644895965,1.71412419341235,10.0,3.740464,2194.478,3.467805,1630.233,0.8869408,942.93,0.2393716,399.9958,159462,0.5958656657803284,3435,0.1004885469385367,0.12502885674225064
122,42754,85528,135409.407102465,38721.57633613792,0.9384571790921822,6.0,1.896175,921.2919,1.211215,560.2567,0.8171644,453.8155,0.5736915,538.5402,607588,0.6052800497480185,10881,0.0910338249935161,0.14995774405805332
123,89267,178778,118886.24465482858,52468.768308786974,0.7907125324136065,62.0,2.48576,2046.373,2.530945,1843.337,0.5775338,1166.299,0.3821937,553.4429,1048878,0.5314215136070838,18586,0.0864654133694342,0.2153009285939295
124,47439,94906,96156.31252638908,74109.49208334042,1.2530717721171745,8.0,2.098425,1768.212,0.6107695,844.7499,1.817335,1849.568,0.2362889,422.9363,419466,0.4298187169929592,7414,0.0805895844429709,0.12948598417673518
125,31037,62094,108175.31650607949,33859.03273020972,1.0490847241754409,6.0,1.090611,1450.117,0.9615727,940.7301,0.3296412,679.9722,0.2764068,612.9954,431861,0.4835436647821753,6983,0.0817327387431674,0.1396431784198175
127,34901,69822,223620.760228404,78212.13762813958,1.5744122767529356,6.0,0.428481,745.157,0.3125033,403.4543,0.2320539,369.034,0.1809951,323.0413,380468,0.999584798220966,7308,0.0928436217651468,0.10498310513978881
129,19285,38602,144482.0096627825,47380.22413071665,1.6381990089618417,9.0,1.474539,1339.559,1.196886,930.771,0.4668513,525.4788,0.21249,329.0746,211629,0.6458345831926379,4181,0.0947449522989417,0.13691674217403202
130,11736,23492,60391.48981725896,22396.69109360838,1.3965977347488436,6.0,11.72591,4160.662,4.270118,7758.195,8.388743,5605.269,4.167908,2773.757,137020,0.2699499594831476,3300,0.1166489925768822,0.1417628887698655
131,28940,57936,178798.21932062172,55817.92305295081,1.4351010959434118,15.0,0.6857955,999.578,0.4552773,485.9839,0.4068385,558.0804,0.2745921,383.9031,348271,0.7992280403631792,6845,0.0964193148523777,0.11995623957074006
133,41618,83216,137167.76503755216,98679.41959576236,1.6336037451856995,-4.0,1.0213,964.197,0.7277564,639.194,0.4342761,598.2369,0.235067,299.7714,344755,0.6131399097178583,7384,0.0974631081544837,0.1506445765380309
134,55352,110736,141589.0535964201,46733.747377266845,0.9189947043918122,9.0,1.576497,1084.44,1.113703,613.3947,0.6022844,522.5632,0.2884488,360.3917,716255,0.6329030695759978,11703,0.0814342673838467,0.1368232633554521
135,54887,109806,141578.5389872949,46729.99329680608,0.9250785873282746,9.0,1.590747,1077.129,1.103064,650.8244,0.6172579,538.0834,0.2652465,363.4545,712802,0.6328560692732083,11603,0.0812080067189249,0.1348233868220026
136,77028,154156,97114.3120477798,50727.51918641724,0.8266170159401905,26.0,4.754702,4807.684,4.468507,2633.799,1.016484,2354.14,0.3032731,738.0855,906038,0.4341009748535757,13351,0.0720822377833807,0.2005388999490314
138,33327,66686,159953.9947215693,55326.07423232263,1.3058973714848714,9.0,1.776771,1200.408,1.405468,820.9127,0.6261585,577.8711,0.24569,301.4489,382730,0.7149943564054149,6049,0.0769690800356279,0.12668846760708616
139,33797,67626,159943.96354138077,55327.69238567313,1.297423099211971,9.0,1.780051,1818.773,1.404692,887.9479,0.6324044,1659.296,0.2385238,671.25,388639,0.7149495170299721,6135,0.0768912618438863,0.13942449021243883
140,32215,64462,278930.6504281508,63239.474073979465,1.4647510348078092,9.0,0.3986278,754.3972,0.3239848,405.5645,0.2194425,435.5521,0.1812812,318.6643,388472,1.246820007413834,7123,0.0900005054078641,0.084171226173021
141,26479,53038,86267.87150553794,43117.99375013961,1.2715478320356215,21.0,30.24428,14901.76,19.42854,11659.06,14.27767,8667.862,2.05769,1629.359,251932,0.3856173856297546,4990,0.0913986372628031,0.15145716091531922
142,196447,392966,193282.4727933788,131750.71791190075,0.830861276388301,19.0,0.6829831,784.1266,0.4252734,479.8749,0.3586827,444.3174,0.2183996,336.704,2051296,0.8639726533864034,41493,0.0975630975278278,0.21474791499071838
146,43104,86244,217159.0088755764,53681.34160627093,1.0970296074767456,10.0,0.4477445,715.1441,0.2915778,384.6516,0.2786283,379.8679,0.1617211,321.8281,560470,0.9707007696738266,10418,0.0927082777154857,0.1417643319621587
147,28011,56102,122181.65691328996,43392.19260952347,1.3094271836215852,21.0,2.972321,1687.191,3.136381,1291.375,0.9396535,921.4349,0.2810091,398.2295,329782,0.5461520064024061,7329,0.1084861672365558,0.11572638167430206
148,50994,102032,130190.585221618,44242.2567912664,0.9451810491027132,12.0,2.490718,1719.315,1.894264,1225.197,0.8692326,792.3448,0.2839422,364.2109,640197,0.5819519159406326,10056,0.07779668884419,0.141230877162914
149,29503,59034,167159.17588268887,61368.03653190212,1.5042032853696212,8.0,1.664253,1057.441,1.628901,948.7131,0.4051062,494.3711,0.2775032,325.6289,311884,0.7472015161956194,6727,0.1030547214902874,0.1184207800763572
150,54692,109404,116452.95100893616,93746.7492159638,1.3614681672452122,6.0,1.578336,1392.706,0.5736534,546.2379,1.503388,1544.471,0.2678756,488.7631,407103,0.5205446910099447,8167,0.0876353374180464,0.09962427710938325
152,25365,50750,184638.8092030519,65503.18792094884,1.7095945706383973,6.0,0.9491187,936.2598,0.8622654,690.1505,0.2656655,323.2787,0.1824051,297.9223,253821,0.8253354771376421,5421,0.1006797414753733,0.08155815430821717
153,29826,59692,122280.50993451284,41333.39910501212,1.1961418802946024,11.0,1.63884,2706.574,0.7553964,561.2271,1.046479,2122.048,0.3438135,608.9232,352346,0.5465938794072724,7401,0.1026434039720403,0.13487377433778452
163,37960,75940,275068.26844471303,87775.11673679194,1.6119837997622073,6.0,0.7209166,875.9973,0.4194747,464.6818,0.3773559,441.574,0.1773982,313.0096,411180,1.2295551599478671,7817,0.09132222715484,0.09597038815042745
164,45142,90304,239976.9731235218,74410.68938493835,1.3060571921273492,6.0,0.4239526,573.6404,0.2526502,407.4677,0.2540879,537.0444,0.1688567,314.4985,521418,1.0726970698621423,9575,0.0895453992836368,0.09360919788535019
165,19496,39012,300934.23938755936,55933.02525282738,1.8176001888015807,6.0,0.4246929,489.1932,0.2675837,235.4672,0.2247243,284.6144,0.1234181,284.5798,216751,1.3451760500623904,4435,0.0986695737296431,0.08108091717205504
166,35042,70104,192281.3899157202,50358.36638759948,1.2147221191707214,6.0,1.243702,1316.768,1.191774,993.487,0.2935321,519.6666,0.2645719,402.7876,419923,0.8594978129232694,6562,0.0765890893811713,0.09950165801255587
167,33002,66024,236757.6678450882,83296.87062061121,1.6479634316365677,6.0,0.7146692,1054.528,0.1954444,620.9818,0.6205112,838.7067,0.109463,213.9356,368324,1.0583067752675444,6556,0.0860333582667349,0.08529636573439915
169,25268,50556,224632.06248931383,67592.27630648993,1.7387275465726713,6.0,0.7000988,870.0658,0.4185406,386.7826,0.3643954,499.797,0.1885086,290.6309,270631,1.004105319327233,5346,0.0945692552626923,0.07876353292501834
170,25684,51428,227749.2692372752,64449.25599202081,1.6935230082008883,16.0,0.8081415,550.5774,0.3868705,397.7744,0.4948381,554.0051,0.1786682,297.3457,275158,1.0180392334906203,6157,0.1068793722985053,0.08677992079253474
171,48257,96534,188337.4531984576,74773.77676678867,1.243709962799035,6.0,0.8927762,908.6758,0.53891,465.2333,0.476487,503.2036,0.2314773,330.488,680681,0.8418684157971056,12763,0.0957608043217286,0.13602753243206384
173,36282,72584,267388.8685885059,48861.06352371408,1.1860279377593477,6.0,0.6207638,869.1556,0.5167795,474.8549,0.2767304,453.2543,0.234904,390.9889,520566,1.1952282425906215,8836,0.0863447143666816,0.09249621262016423
174,15510,31040,180348.1238942031,47130.59741787635,1.8639157993265605,6.0,1.593867,1351.068,1.594921,914.4973,0.3111932,561.5483,0.3868915,430.7037,154504,0.806156113807088,3190,0.0965087432685908,0.06501705713857606
175,35940,71940,218265.368550418,69348.94899659527,1.4188171445722375,16.0,2.084946,5568.606,9.831169,15868.92,6.031146,15278.93,5.092395,14156.68,393532,0.9756461974203684,8009,0.0975612727184134,0.13431617800531528
177,24021,48062,220926.747872502,56721.29319657172,1.6006800143290956,6.0,0.856508,791.1677,0.5331822,393.4148,0.3947798,452.1701,0.181711,294.4036,305330,0.987542562990084,5055,0.0823491080882951,0.11921864682286618
180,31030,62080,325897.97834721894,73022.27685062861,1.5986121772379565,6.0,0.3467959,300.9873,0.244019,235.365,0.1625796,205.0631,0.1721798,288.7418,428120,1.4567639632120688,8027,0.094962615937914,0.1261165395511066
181,32668,65384,158969.315521311,75308.68332863145,1.5833171538434965,13.0,1.107978,1066.413,0.7476457,856.323,0.7219829,764.1282,0.4307098,603.136,316942,0.7105928403802602,7412,0.1096206463062929,0.10854436909033537
182,34501,69054,235547.79228181968,58651.6486310681,1.3580919822385065,14.0,0.7877614,727.3591,0.4014186,371.9882,0.4760585,606.8932,0.1953361,394.6154,442182,1.0528986314997342,8890,0.0998551033932763,0.11039757836422179
183,31257,62566,235573.19600185903,58663.62130984683,1.4432502654988466,14.0,0.7850456,754.1191,0.3985521,375.8924,0.4768427,628.7989,0.1904902,329.3337,388794,1.05301218612831,7940,0.1009099689898835,0.08903959098840919
185,59297,118614,257073.4706413105,77388.30035537753,1.16080085099564,6.0,0.5239494,763.9496,0.3459027,457.7523,0.25842,404.9621,0.1811948,319.9218,710557,1.149118413766658,11872,0.0820898618467453,0.12211166671847563
186,31396,62812,260240.5393793676,79983.980088335,1.7045253533959948,6.0,0.4975285,542.4459,0.3323145,326.6117,0.2428067,285.9823,0.1748257,298.5469,326129,1.1632752110257734,6925,0.1011465712407799,0.08112216863455657
187,24510,49040,142786.29805839254,44218.43720975115,1.3892177265253844,6.0,0.872643,926.8854,0.6501129,620.9867,0.3489184,354.1698,0.3136281,401.0976,284448,0.6382547523210147,5313,0.0910196669636126,0.10303798544035166
191,31197,62414,229913.2753787248,79668.38642948367,1.6974789189928676,6.0,0.5876284,676.5475,0.3401018,354.1874,0.3186024,343.3332,0.1844167,300.0953,319756,1.0277123409429,7076,0.1053571960334713,0.09284026008960167
192,31209,62438,229913.12536043653,79668.39463624608,1.6970728871059328,6.0,0.5879945,653.3007,0.3404075,338.7957,0.3186387,345.8203,0.1846433,293.4788,328136,1.0277116703611513,7193,0.1049812455303063,0.09510756663664886
193,56473,112966,220139.5272340692,74793.5261493268,1.163259548526817,6.0,0.6420345,900.5555,0.3656975,461.4724,0.3471469,481.5541,0.1923427,323.3352,652917,0.9840236867362894,11144,0.0832878678036786,0.13114395293710415
194,29906,59880,128137.5263522338,64356.16535001761,1.516549860364612,18.0,1.301566,1080.121,1.031887,852.028,0.7872432,991.4813,0.8473608,1109.796,297211,0.5727747427944851,7403,0.1172288202692003,0.12277293034601555
195,45561,91142,299835.72491338634,59580.01553400406,1.123842415764219,6.0,0.380051,607.9614,0.291427,367.1606,0.1738216,324.0694,0.1759841,307.5093,627002,1.340265690362837,11146,0.0898400032241164,0.14134231102188172
196,26459,52938,159858.0428982111,45019.88722185086,1.309977279441052,6.0,0.7227675,627.5033,0.5004898,438.8391,0.5045207,493.1016,0.2290227,321.8527,324382,0.7145654517550037,6961,0.1056473766486059,0.14361169260410295
197,45654,91328,337167.096968505,63088.93326949651,1.158801820674186,6.0,0.4602454,620.0383,0.3316515,385.566,0.235033,391.8651,0.2885608,470.2202,653105,1.5071369234492176,10443,0.0813273419673382,0.09901898915507218
198,19336,38692,176666.07637660258,50651.51336914633,1.7255494329479903,6.0,0.4955256,653.9168,0.451508,408.8754,0.2745469,303.0647,0.2263878,339.7081,209990,0.7896973614034136,5140,0.1173489189744526,0.0859361703245259
199,51796,103612,209506.14904120905,53973.011995861496,1.010287117148362,6.0,0.5661752,602.3333,0.364007,338.5406,0.2864498,325.9647,0.1906662,320.2633,700683,0.9364924862142046,12302,0.0884705002445128,0.16120047831826798
200,20218,40456,211965.82063005213,54233.31580638552,1.7291963093229703,6.0,0.8261831,961.0109,0.8784966,666.2438,0.1894987,419.7036,0.3430009,667.8015,233956,0.9474872182163332,5153,0.1071599392767276,0.10022876232386366
202,15967,32006,93069.5311172004,36183.561622739726,1.567042647508784,19.0,1.266683,778.2502,1.105127,733.0999,0.4085709,563.3912,0.3464292,496.5028,171243,0.4160208040938858,3620,0.1010806131851562,0.17290096827039378
204,44232,88492,67822.4579755766,63033.23723626621,1.167005721139177,8.0,17.3943,5175.85,5.86068,1973.781,11.31549,3218.477,1.172027,863.6809,384096,0.3031663871508274,7916,0.0932413013262974,0.11625666566561647
205,20011,40050,193064.41692669623,56498.99185864726,1.781978639213425,8.0,0.7501809,713.2783,0.9525217,985.8569,0.2603402,517.3823,0.2382204,369.285,218847,0.8629979436623322,4863,0.1065909738509085,0.08938516727472835
206,21701,43422,204011.32389815745,54180.32657360744,1.6699963498762134,6.0,0.7152556,942.7166,0.6997947,593.9979,0.2051936,424.1847,0.1166436,238.2739,237198,0.911930617824764,4776,0.0967643900561217,0.08029480091132409
207,38777,77582,151127.0394929298,54671.86513130024,1.1913026060935623,8.0,0.9312342,1154.359,0.6065276,514.7628,0.4696598,1064.368,0.2645646,582.1482,460262,0.6755378665333962,8540,0.0909129620166922,0.13128420545538014
208,44354,88728,209996.00811771204,53949.804852270085,1.0825653631617491,6.0,0.6969683,718.4734,0.5017601,417.5597,0.3030898,340.6512,0.2679689,527.4767,556579,0.9386821562861728,9880,0.0879120879120879,0.12384786683225218
209,32659,65338,314065.8571252596,68356.73106705426,1.5294029615720528,6.0,0.3483807,575.9565,0.2399208,291.6516,0.1899914,312.0699,0.1708933,302.1965,405046,1.4038743813499104,7294,0.0890794069514667,0.0797343568231682
211,35123,70274,322314.1428047356,70288.5990925553,1.4837705038355642,8.0,0.4071012,532.1953,0.254028,287.3932,0.2171072,265.2679,0.1614228,317.061,458237,1.440744218337168,8491,0.092859720688109,0.1054157285851118
213,31156,62332,166104.31534794136,64287.12336378216,1.5168951578557266,6.0,1.136659,1038.027,0.6262053,464.697,0.5921749,646.6346,0.2031753,314.7336,315422,0.7424862896052979,5238,0.0786616408115454,0.11778598718363477
214,23238,46496,366828.3549824237,54663.40434605303,1.5948680936420665,6.0,0.3548719,620.0698,0.2096494,328.001,0.2215371,310.668,0.1792514,323.8152,297466,1.639722746771434,5202,0.0868258975514496,0.08172091983597743
217,55765,111606,209578.65913941705,61448.98248015432,1.0363554345469823,20.0,0.7203012,834.5911,0.3281083,382.5646,0.5011595,552.6929,0.1731003,299.4579,721187,0.9368166063531944,12599,0.0870613762317398,0.1449493964615934
220,79289,158962,132493.01232177965,83990.81688559282,1.0307581879297594,97.0,5.821193,4239.771,5.021454,3585.739,1.803465,2041.968,0.3698632,795.4005,759965,0.5922437650783551,15089,0.0927287029412126,0.23498367574123244
221,28912,57896,156612.6115947671,46436.63928395021,1.2636398727245457,19.0,1.542481,1526.42,1.479916,1173.649,0.482741,1152.415,0.3820052,480.7624,383431,0.700058373828609,8535,0.1115074076977345,0.13946056054955083
223,21768,43564,177375.9434675952,46853.873565290174,1.4959614329638278,8.0,2.080375,1743.223,1.943606,2069.862,0.6619168,986.6133,0.4254426,491.4639,271093,0.7928704673001506,5539,0.1008429369890946,0.13860084038582118
225,18190,36400,277422.2666089026,49236.34994856915,1.7520300110509803,6.0,0.798806,1008.098,0.5945102,680.8104,0.3726833,576.8,0.2045109,313.9875,215219,1.2400775317417947,4059,0.0919970082273747,0.06700289780848867
228,13179,26378,165645.22477194705,42214.82472763317,1.9208333476982884,6.0,0.8407053,781.8556,0.414783,494.095,0.5190238,605.0585,0.1446813,225.681,130734,0.7404341547306034,3170,0.1130487500445775,0.06588230823558744
229,21455,42930,167859.98501299488,52695.07950750088,1.6584364362754056,6.0,3.074259,1532.295,2.889285,1155.132,0.7146143,718.9396,0.3357922,324.0246,233119,0.7503341330080872,5353,0.1100625051402253,0.08644014678123033
230,45524,91104,147272.5438031312,108430.16390451182,1.6282708674850217,15.0,1.529611,1404.179,0.6787544,1294.306,1.285059,1508.799,0.3107675,1056.746,362095,0.6583082707999965,8047,0.0989097434762835,0.09265746941245871
233,45816,91308,356115.3416514155,123904.23418323405,1.7514302092091687,-80.0,0.2890284,461.7606,0.222412,272.1417,0.1411676,231.6071,0.1671259,306.0098,527137,1.5918355771818276,9036,0.0853668905705297,0.14731615548288032
234,42856,85804,139607.12179273684,51017.98939995533,1.0852677975095446,24.0,1.622845,2352.699,1.342928,1151.872,0.5722948,1483.536,0.2221614,403.6947,577001,0.6240438344135337,10300,0.0896790708203458,0.16613245040909969
235,53439,106906,142061.53534636326,44046.1525546692,0.9111844036396566,8.0,1.168115,1334.408,1.11226,760.0717,0.4371251,706.9091,0.6223174,638.5589,749645,0.6350150629982438,12678,0.0856998005880961,0.14078400239196823
236,15182,30384,52057.541203689485,29937.511369187087,1.4494915590373396,6.0,32.47631,7835.377,29.41071,7615.212,6.704006,1847.518,1.741156,1340.996,148667,0.232697209180492,2293,0.0721704645599899,0.26736274022134915
237,47478,94976,251062.2582439223,85321.2853846365,1.334117795929698,6.0,0.458061,711.8808,0.233478,346.0438,0.3235666,449.9294,0.1916095,337.4814,558411,1.122248294350333,9686,0.0851928404943049,0.11024197953352934
238,37709,75438,285017.77981504134,53821.78807401307,1.2188981879246297,6.0,0.3660431,555.3786,0.2457401,299.4573,0.1936065,300.181,0.1719923,307.499,564406,1.2740294757732349,9367,0.0851924948386099,0.1637183829060454
240,17573,35174,159315.86909008014,43100.87319009568,1.6346660759762992,8.0,2.264069,1565.837,2.366219,1153.671,0.5903288,747.0511,0.3896121,451.8122,197094,0.7121419348326583,4541,0.1109753415283853,0.0995536464922232
241,25928,51876,198908.2311024236,45302.27087607305,1.3634091847653655,6.0,1.359764,1145.837,0.9622061,615.9183,0.6255444,627.9241,0.4024016,352.4831,320857,0.8891197930278335,6269,0.096383875034593,0.08957644081852253
242,32522,65072,198516.1655788193,48072.1179155355,1.244513426167077,8.0,1.689558,2091.458,1.116732,1015.052,0.7626888,1177.342,0.3165019,351.1247,408954,0.8873672601373223,6762,0.0817891528375828,0.11525571782100065
245,107658,215604,159876.02831888327,106895.92223991056,0.9933869661629636,73.0,3.719538,3260.166,2.450361,1675.783,1.705823,1840.193,0.397643,519.8283,851884,0.7146458465854083,17893,0.0927261797415088,0.22502374735974862
246,21131,42310,94207.17152507296,49374.52880780206,1.591544975265761,13.0,15.19392,7371.391,8.816358,4622.325,8.881372,4483.329,1.814512,1461.922,194075,0.4211060567170762,4625,0.109615339037281,0.17085476279294728
247,25389,50798,165685.35977932677,45730.26883653799,1.3957722342759833,6.0,0.8237563,629.2505,0.4253905,508.6851,0.5011492,473.3491,0.2631921,323.5468,291441,0.7406135582135908,5565,0.092591052027353,0.10236132131621067
248,16283,32586,355289.63345710456,46237.40123698925,1.7854168233474528,6.0,0.4596581,815.8813,0.3774944,541.4766,0.193701,383.542,0.1850583,380.8927,193953,1.5881446615532575,3597,0.0903564520585797,0.05374658147058355
249,17369,34758,131339.5919705762,41010.183403580486,1.6391046910016862,6.0,1.317854,1084.459,1.152475,948.665,0.3994386,589.1465,0.4145726,444.8188,194742,0.5870879761084757,3981,0.0988061850040952,0.10107636096056513
252,16219,32458,354432.24121542217,46163.89961415446,1.7902158280087646,6.0,0.4742419,817.7936,0.3964656,564.5647,0.2165753,436.0302,0.1838459,330.8979,193618,1.5843121182329372,3459,0.0870955558353267,0.052767449322225456
254,31729,63574,130329.18243946244,62146.45763099095,1.4362377334227114,30.0,1.30622,1213.001,0.7594011,772.4644,0.6572717,828.2252,0.2316387,540.7032,345384,0.5825714455043972,6795,0.0944983728756988,0.16167274104174567
255,34659,69338,158133.4786090337,48757.4975186462,1.208487051038263,6.0,0.9631003,1059.747,0.7284831,663.944,0.3544339,442.6972,0.204898,322.07,402134,0.7068566493823807,6994,0.0847398073544556,0.11516245015821204
256,49464,98948,165226.77253508777,43711.34670218348,0.93119200991437,6.0,0.6728474,681.0175,0.5194606,470.1341,0.2624501,300.2913,0.1950532,313.1418,700746,0.7385636732318425,12015,0.0870677410939447,0.12846638309475072
257,49113,98246,165210.96098098558,43707.93760396659,0.9381531179044044,6.0,0.6730908,719.2302,0.5190626,489.8733,0.2625405,311.0183,0.1974495,321.474,698018,0.7384929955850056,11980,0.087231951068555,0.12493017456919904
258,51674,103368,147097.9025798108,48267.50387533924,0.962009018578354,6.0,1.467373,1057.464,0.9663056,531.9222,0.6234431,535.6973,0.2575271,361.5419,633885,0.6575276245317543,9646,0.0749867844149382,0.12916205583070106
259,51998,104016,147089.4917799348,48267.99662816287,0.9584326177402738,6.0,1.475869,1084.768,0.9582818,537.0969,0.6358202,555.9264,0.2534066,346.641,636358,0.6574900282563085,9639,0.0746023760690375,0.12768621285301848
261,38186,76404,190783.0644977915,48405.22686988823,1.1166610374806047,9.0,1.098115,766.6071,0.9827191,674.6845,0.2778945,372.2584,0.2136141,228.6425,554160,0.852800298305128,9517,0.087650466480627,0.14348899080006094
262,38658,77348,156886.98771876015,45398.13595876179,1.0718594041952023,9.0,1.48718,885.3989,1.397577,890.23,0.364809,507.0533,0.3296258,417.0474,526891,0.701284835102858,9505,0.0909108299140149,0.14650243191691487
266,15576,31172,142361.70054896042,45414.466175386144,1.8286792178033164,6.0,4.944237,1616.171,2.204192,1102.884,3.130641,1087.983,1.759051,635.8889,148566,0.6363568014538531,3638,0.1131324439468856,0.0637302448309977
267,17283,34586,162175.1140246939,46715.14017823905,1.7523911145779096,6.0,0.952322,793.4774,0.3784575,585.6165,0.7145488,554.8234,0.1881966,309.142,176805,0.7249227596903818,3953,0.1052982072933592,0.07953482214392109
268,14850,29724,114949.45238728724,40880.83968339803,1.7693989669799122,7.0,1.657627,2196.052,1.186607,1055.004,1.744372,2470.573,0.7128534,1794.192,143809,0.513824052171174,3025,0.0976436410587475,0.09364748638620744
269,52632,105308,143287.11112888058,57536.02805980552,1.0660710691825968,12.0,2.194019,3127.678,1.874961,1522.196,0.6741613,1623.565,0.3268635,328.2886,693003,0.6404933867460962,11644,0.0842376363688977,0.13168076761579567
270,64210,128440,97991.63217824908,42192.19955065573,0.8187626935468106,6.0,4.203918,7061.758,3.299637,4384.939,1.383612,2956.979,0.4345464,470.3744,813880,0.4380225958367734,13645,0.0835077540728772,0.18315789594709173
271,20134,40304,224108.68689999887,43251.97392412054,1.4812508234903172,10.0,0.2989962,346.3643,0.2176644,258.482,0.1452333,226.7423,0.1696861,348.4632,228641,1.001765830442995,4094,0.0862948442308503,0.12816420456913358
275,53730,107492,124773.3504462832,59353.74652109193,1.048328025541398,9.0,1.100473,1320.208,0.7671265,1150.224,0.4899016,721.7878,0.2246894,315.4517,709795,0.557736876494886,10826,0.0767572779739368,0.15159501736432948
279,11319,22674,104803.6974903254,35070.26910953331,1.888797521662753,10.0,1.771454,1275.97,2.610341,2053.811,0.6139008,1167.008,0.4266988,487.8145,102770,0.4684725277817546,2568,0.113517814516842,0.0912223014148068
280,22637,45294,237919.80642606763,56369.07323888151,1.6306730747622122,6.0,0.6369593,790.1678,0.6552311,461.3847,0.2161268,491.2582,0.1959465,301.2023,298914,1.0635015347245225,6175,0.103487573111666,0.10026032840227823
281,308930,619300,157133.2499849691,133063.18280864725,0.6952361201643559,361.0,2.140411,3148.818,1.323296,1295.856,1.271203,2290.17,0.4294983,1465.291,3020741,0.702385627432812,73848,0.1149848732796567,0.25233440316757944
282,58623,117226,122229.448521868,127342.88246375496,1.562203625440323,-4.0,0.8553409,729.2319,0.6194211,575.7559,0.4960758,567.2596,0.3769149,511.8692,315081,0.54636563489275,7227,0.0904143521993694,0.07206924635611256
284,34692,69368,378010.1916909661,78944.79603856694,1.576781552412096,-3.0,0.2692679,553.7444,0.2154864,309.0487,0.119032,259.3188,0.1519254,291.8789,467501,1.6897055568586186,7978,0.0862850282821946,0.08264662350897588
285,32692,65472,191632.0817336815,46318.286698775046,1.1978153276217696,23.0,0.622995,854.3665,0.3896522,581.2985,0.3107042,382.3372,0.1756474,325.6124,416762,0.8565954053495564,8342,0.099484806563946,0.13296009753544888
289,34582,69184,292597.53697927203,47017.3156476447,1.1459502574366962,6.0,0.2732325,501.7373,0.2407945,337.1962,0.1415006,281.7984,0.1700354,323.6224,468719,1.307910990297346,7589,0.0814322810481361,0.10622427992514934
290,28879,57778,275000.10318770783,45523.18148325169,1.2465702182920937,6.0,0.2813661,527.1093,0.2629905,330.4723,0.1433292,277.2252,0.1686789,307.6227,383200,1.2292504612490542,6472,0.0845471528040862,0.10613596062490403
291,34922,69864,257165.0956523749,48264.36036180057,1.1534013421629692,6.0,0.5529662,821.5345,0.5967259,508.8758,0.1783509,405.112,0.1882942,387.8362,455701,1.149527977566116,8191,0.0896513982378372,0.11013488303437491
293,36388,72808,145496.3036476466,43295.47508696051,1.0853451858336178,9.0,1.470153,904.5343,1.138746,1037.366,0.5088692,525.7758,0.2996038,343.4246,483403,0.6503684773049804,8594,0.0891022384423178,0.14820137270227418
295,20263,40546,95027.69756029383,35614.53386108298,1.3790707669790088,6.0,3.290421,2372.27,3.225575,1932.317,0.7095117,895.214,0.778734,743.526,224017,0.4247738080945135,4032,0.0863586712073507,0.1304128887753035
296,50033,100094,125562.27211918271,44507.72524092964,0.9431662947730248,8.0,1.544969,1278.883,1.186117,1373.53,0.6963984,1409.66,0.2643672,320.1934,610285,0.5612633563727468,11245,0.090733777655849,0.15767253604743767
297,14950,29920,163058.1890155358,40693.503601405086,1.7210877008956815,6.0,0.9278451,1808.868,0.7127613,636.5004,0.4060957,1282.551,0.4178403,1271.627,185362,0.7288701048994451,3921,0.1043679629481753,0.0860905441026544
302,28135,56306,191366.7524591725,44857.79927336983,1.3040327166759298,10.0,0.8870167,1219.909,0.8133544,845.7382,0.2993334,597.9106,0.1378327,306.0466,372831,0.8554093834925012,7257,0.0974420946626384,0.09799153673697494
306,54605,109230,119837.53262532482,49863.11571572944,0.956874595446712,6.0,0.8717233,853.9379,0.5628148,509.0078,0.5211432,528.2435,0.3384041,423.8621,641437,0.535673770835202,10453,0.0797257306730123,0.14636010069810515
308,49320,98660,111082.41763744965,37714.39341812295,0.8805637788183729,6.0,3.75937,2949.513,5.955966,3034.885,2.352173,2167.345,0.5770165,1182.768,644993,0.4965384068394,10603,0.0821689566720138,0.1700729946418428
309,48201,96422,112630.8068348422,37863.30724180728,0.8952053934719711,6.0,3.480072,2770.382,5.092356,2496.899,2.01304,2066.978,0.5697177,1101.676,637735,0.5034597065517447,11146,0.0875796553702059,0.17158357706107524
310,24005,48030,120874.51394662033,64869.88366006765,1.7369255843325175,6.0,0.8732155,818.4481,0.5812249,652.1857,0.4364776,449.2013,0.3754287,470.1357,233700,0.5403090773413929,5630,0.1137879461578883,0.16474722558293717
311,23483,46986,235442.3753709609,48414.01639731873,1.4975151421079846,6.0,0.9912639,1175.228,0.8680817,711.0995,0.2797537,553.2158,0.3346863,604.9918,309969,1.0524274179081952,6410,0.1035675046855813,0.09783743324680058
312,38226,76472,123949.41373787478,47748.446854819726,1.1056672473231075,6.0,2.403704,1737.713,1.206253,1132.879,1.469867,1215.119,0.3563106,343.445,435012,0.5540538794083003,7605,0.084670281343591,0.1494968230536971
316,57489,115026,100569.88685726456,67679.92813309208,1.0934462569590486,13.0,1.293694,1103.119,0.8375552,660.2144,0.6981165,692.4079,0.2800864,472.3209,569217,0.4495473942519726,12337,0.102221412059094,0.14216563770878457
318,27361,55010,134599.62569289884,55323.14246651078,1.4667182960081628,73.0,2.164655,3370.399,2.029508,2188.189,0.7165384,2627.207,0.5143748,662.3671,301454,0.6016603268472579,5804,0.0927052885460092,0.18122659118109208
319,34293,68606,178480.58833962775,58862.87235186711,1.296423375921617,6.0,0.8362415,800.7688,0.4983049,412.9347,0.4848632,545.8815,0.2071774,299.0294,442395,0.7978082298781362,8716,0.098503684281904,0.10950784054201897
320,41087,82194,126256.00596293832,42007.79288108746,1.014577163206272,6.0,0.6157697,838.1965,0.4243356,554.9873,0.4540232,622.9531,0.2325185,331.8263,548295,0.5643643466543343,9401,0.0861134011175231,0.12056491437808921
321,24303,48626,166045.7709185421,45626.55690258305,1.459303528912921,6.0,0.4111013,633.3698,0.3162469,343.1705,0.2824826,369.1861,0.1968237,324.071,272483,0.7422245960058833,5631,0.0998298053398574,0.09025415827310265
322,17104,34228,115691.89647017707,33522.39671450241,1.4787762200223418,6.0,1.258506,1408.934,1.108969,888.2554,0.3432556,581.1772,0.4054727,518.7607,177953,0.5171427772216916,3971,0.10554433340421,0.08262122462392718
323,19240,38508,113769.6633199028,33618.981956635434,1.3789356720162145,8.0,1.267838,1318.73,1.154967,858.9889,0.3443564,576.5898,0.4434206,559.2134,209400,0.5085503950399656,4755,0.108700621799561,0.09301001589361521
324,26495,53094,108644.48513577496,56622.074196041256,1.5204266206493326,27.0,0.9586688,928.5172,0.8429097,1585.678,0.4142107,673.6348,0.412379,616.1819,249552,0.4856408485569141,6261,0.1166421372282355,0.20665257638366993
325,56889,113798,150771.30469893344,78292.71337223951,1.173693154491608,6.0,0.952305,984.4182,0.684612,881.0883,0.6410376,694.5821,0.2259017,327.3973,538189,0.6739477320042325,8919,0.0770453426397035,0.13716283008515406
329,20413,40846,312568.6578050684,49263.53237672868,1.6298875347192043,6.0,0.3365807,589.366,0.2614651,333.9398,0.1430147,293.6556,0.1747692,320.9069,246471,1.397181900388656,4597,0.09145346755262,0.08870176874336656
331,42264,84548,355166.27919474395,60111.26315712631,1.186737683392459,6.0,0.3225254,635.743,0.2691086,335.172,0.1511562,360.2934,0.09422731,201.4245,586794,1.5875932680005056,10217,0.0881125273815478,0.11899609502371204
332,70760,141540,237291.7119023809,61311.19485582056,0.9191522669363696,6.0,1.135088,1299.239,1.275693,953.8135,0.2873992,607.8045,0.1972927,332.3731,1021944,1.0606939522036427,17704,0.0883627143684242,0.144794015461253
335,31934,63924,160036.7213670966,76243.09315133619,1.599260315880226,15.0,0.7315121,584.5158,0.5184712,645.9551,0.6045513,548.442,0.2690755,306.0715,296250,0.7153641445109218,7809,0.1219070515322291,0.11651152111667737
336,31934,63924,160036.7213670966,76243.09315133619,1.599260315880226,15.0,0.7309631,579.3438,0.5185261,646.4514,0.6039966,541.9263,0.268773,315.3459,296070,0.7153641445109218,7820,0.1220940217645864,0.11651152111667737
337,42820,85680,126741.91388864005,37080.17876018041,0.9398221549850736,11.0,1.077461,1309.06,0.7637237,879.7103,0.4301676,648.6993,0.466491,625.7531,598078,0.5665363550822211,10321,0.0873602329380496,0.13854052426729616
339,14720,29460,96730.02645240456,34061.21824714015,1.5923908771233823,6.0,2.177333,1531.695,3.246701,1549.716,1.047281,1155.112,1.70267,2419.125,148294,0.4323832182422484,3626,0.1150234741784037,0.12415428003068459
342,45218,90480,164182.4233599321,42940.87076586608,0.9749776327290048,12.0,0.7365363,985.1981,0.6074721,715.1389,0.2737251,424.0084,0.2079958,414.5236,633632,0.7338954324188965,10063,0.0805974930919867,0.1757094686600228
345,34632,69312,194246.6595591273,57676.837010489005,1.3451383874594651,13.0,1.150319,1466.059,1.027054,1027.813,0.3563221,764.6288,0.1945542,944.439,439357,0.8682825682292991,8512,0.0962449542632941,0.15010252627089776
348,16442,32904,256150.02682925208,46808.012079466665,1.782161484018836,6.0,0.3608078,498.7833,0.2364168,311.2278,0.1916051,341.3753,0.1514152,330.9739,197162,1.144990619926757,4029,0.1000422119037568,0.0714915249301209
351,19987,39994,178069.77509651604,55500.99556458634,1.7539100687877518,6.0,1.771523,1579.856,1.069471,740.3026,0.8296214,840.6498,0.2275451,318.8517,190859,0.7959718946814267,3368,0.0818031672010104,0.12314004697523184
356,37346,74720,152162.84276355233,40332.35599700752,1.018391956479784,8.0,0.4234447,685.5771,0.6168718,535.9398,0.3195722,488.433,0.1890565,454.3027,480303,0.680167907153079,9670,0.1001325435944166,0.1293934170938685
357,35551,71126,208804.6337554932,48578.64460534093,1.2047396360153433,7.0,2.760831,980.8328,1.487109,710.401,1.346834,881.1893,0.642288,554.4762,439409,0.9333567128870548,7843,0.088098848638023,0.10913891497089359
361,31952,63928,109599.15611892268,43552.64191236792,1.1818868340947546,7.0,1.087524,870.9703,0.5473148,530.0439,0.7276161,758.226,0.2096473,345.7552,373156,0.4899082278515844,7072,0.0926685448470156,0.15236271333478385
362,32699,65414,289097.2459305024,54163.04051374482,1.285614124646511,5.0,1.652304,1959.705,0.8114655,661.8934,0.9475518,1579.929,0.3814609,848.5021,430107,1.292264689309346,7121,0.0827176842300901,0.10078317212165117
364,79513,159054,104421.01460352234,75654.31039711449,0.9735913553738444,8.0,0.9857747,976.7981,0.7249834,623.0533,0.8514802,855.906,0.4816047,928.1476,825015,0.4667619352777449,16156,0.0934775187608847,0.17935889421086246
365,53009,106194,125169.18066793193,46601.87365398818,0.9559051016760766,45.0,1.440166,2005.056,0.8988599,814.2074,0.9487884,1635.376,0.6095687,767.4805,665095,0.5595062375856558,11416,0.085036648590668,0.14693895285879854
366,29997,60014,259886.75840306823,49692.327047807565,1.2845996367930448,6.0,0.9306367,1049.376,0.7336534,526.6788,0.3689364,566.4131,0.2891013,405.882,617630,1.1616938100617151,10549,0.0924345448810066,0.24439803517611983
369,23899,47818,77887.7949346765,29108.71312882254,1.086002147627106,6.0,1.674785,1506.685,1.833987,1124.346,0.5883902,607.5868,0.6311432,594.0283,284672,0.3481584433580039,4967,0.0851257090952715,0.3227306386345065
371,19664,39364,205409.30072775536,50235.36097590951,1.683577277772892,10.0,1.109831,1147.932,1.216448,713.8605,0.3337808,600.4539,0.2412811,486.1584,234617,0.9181795742530664,5405,0.1127239358485057,0.09572619075693499
373,26002,52020,44375.91042839897,24680.132916120525,0.9598773891858728,5.0,2.775268,3441.319,4.599846,3743.582,1.189664,1982.855,0.3045516,421.03,268499,0.1983603196149434,4955,0.0872297725512287,0.1362345213183958
374,11048,22116,106648.8121160826,34359.86735838637,1.8937678986140696,6.0,3.390026,2159.937,2.462731,1369.866,1.265388,990.7625,0.4114094,478.8452,102080,0.4767201901588893,2263,0.1014252420222301,0.06686540595506954
375,50685,101390,149264.30089561903,79668.31296277524,1.2840306100375396,6.0,0.7296575,736.7321,0.3824878,443.4109,0.4688163,551.8535,0.2077289,343.4183,526857,0.6672114250034171,10885,0.0986237077440223,0.10407431446740359
377,25401,50858,325282.32070649695,67656.33626260677,1.727982633149175,15.0,0.2892611,526.4941,0.2329835,337.3821,0.1229329,259.887,0.176126,321.9923,311037,1.4540119735580417,5808,0.0921407494368118,0.09600452061475329
378,91801,184338,131175.4775356517,82655.41009871861,0.961892857649661,185.0,1.024383,1850.879,0.6592115,810.3994,0.5910777,1118.615,0.3031147,558.6581,952665,0.5863543845843632,22105,0.1104156884684162,0.2066904188900128
379,18050,36140,124102.9053720325,42757.883686984336,1.58538550233275,11.0,1.602274,837.6453,1.131814,646.3301,0.7782905,602.5433,0.8056713,640.9305,198189,0.5547399870129853,4455,0.1079869106774936,0.11512474925053161
380,64351,128722,230898.5571846606,95742.08301629731,1.2175665882970923,6.0,0.5257752,566.0864,0.2700819,329.1707,0.3503347,388.3392,0.167727,295.437,873238,1.032116550615433,16279,0.0944613688455624,0.12705031888838209
382,17145,34310,382149.71600892727,52551.79639485564,1.858256275662529,6.0,0.3136057,527.9578,0.2403487,305.5102,0.1495784,302.0418,0.1560151,305.6221,210931,1.708209230559905,3885,0.0905974534769833,0.06738020944471963
383,17054,34128,315176.63703697035,54985.81737933466,1.9276622208185976,6.0,0.4490736,667.3451,0.3010772,414.9451,0.2130696,365.5545,0.1474159,294.5242,197733,1.4088395675552576,4075,0.1000270011536856,0.06756122757322564
384,38938,78060,288061.78310348344,110118.1684369506,1.7846131604811857,47.0,0.4422526,660.2168,0.3063841,363.5857,0.2319034,354.5572,0.1832577,328.7572,372360,1.2876361704725712,7662,0.0965692823473065,0.10156787670159206
386,17054,34128,315176.63703697035,54985.81737933465,1.9276622208185976,6.0,0.4489399,681.003,0.3010335,421.9536,0.2128863,395.9712,0.14685,299.6959,195958,1.4088395675552576,4032,0.099671223395051,0.06756122757322564
387,17750,35520,365546.4019588387,53161.90502557306,1.8416650187698271,6.0,0.4237574,653.8128,0.2537861,309.7919,0.2667746,443.5725,0.2614221,320.3216,223526,1.6339924167560091,4259,0.0941485951765148,0.07641425868407574
388,58010,116048,89373.2321104355,47050.79803409335,0.891361017979258,8.0,2.335581,2030.186,1.450561,1145.711,1.125733,1061.779,0.3635424,474.3102,745239,0.3994983475336467,13503,0.0906071342298091,0.49636923206778105
389,81225,162470,101478.83501658554,48564.53239313548,0.7844090311363846,6.0,1.644225,1877.222,1.358507,1248.968,0.5639196,757.5123,0.4907703,663.2286,1026655,0.4536103925241374,17005,0.0824880791264655,0.22796965577502837
390,84336,168692,101473.70168585892,48611.04055170764,0.7699468323128122,6.0,1.640495,1806.795,1.362785,1260.259,0.5627475,958.2382,0.4761358,681.7053,1080351,0.4535874465357894,18454,0.0852481129373504,0.23739381325481013
393,30676,61372,152210.73859771813,50110.234013525565,1.3083482213605473,6.0,3.024178,1600.289,2.733345,1262.146,0.744457,828.6772,0.2956052,399.3321,407779,0.6803820015318001,7556,0.0930690874154729,0.11633999907491094
394,165764,332036,200334.59355769225,239740.7267399656,1.253878564750267,128.0,0.6989869,1123.116,0.3952217,516.7711,0.4487845,987.9441,0.2296789,358.6666,1316240,0.8954956332028844,27883,0.0962451848067709,0.23377818076787227
395,41031,82082,118451.43468505266,77354.35936182116,1.4008639638164957,6.0,0.9265122,673.4474,0.549694,453.9815,1.092425,735.3608,0.2708572,445.0789,352721,0.5294779130421855,7348,0.0946407181772517,0.08955508783329023
398,31487,62998,65265.09423945746,28684.20613081456,0.9441532819016584,7.0,10.87558,4340.584,11.32561,2950.037,2.172518,2012.078,0.7909753,855.1071,373092,0.2917349712503749,7120,0.0932083573336126,0.16982623579633693
400,40790,81600,88865.29316641095,41446.50988273943,0.9896740147614642,6.0,1.568379,1417.713,1.614112,966.0319,0.4737142,676.9547,0.5990059,724.5665,485177,0.397227860453857,9257,0.093570266145091,0.1336379297199973
403,26696,53412,329584.6096226101,75641.59523347286,1.7947769959922943,6.0,0.3227833,542.0651,0.1958763,278.712,0.2001556,272.2329,0.1668062,335.4288,307733,1.4732432050130673,5545,0.0876610544620978,0.07328578418845516
406,39944,79908,104303.46492567264,35808.012523002355,0.9352737897974056,6.0,2.49966,1755.158,4.501577,2071.287,2.028069,1374.103,0.6583028,698.596,503855,0.4662364882177567,11018,0.108415003739127,0.14255681366546927
407,12930,25880,213044.9212505238,40202.99348835258,1.8855083830741028,6.0,2.224584,593.5401,1.696732,492.7883,0.8617464,388.3107,0.5687086,420.1135,144124,0.9523107979898414,3398,0.1131874354618433,0.07526472266588609
411,18917,37854,463447.0885232485,53981.05035209836,1.8007998824098308,6.0,0.2275427,437.5053,0.1809143,272.2658,0.1139456,221.0122,0.1707577,321.3633,237124,2.071608485698921,4269,0.088917123159276,0.056915716189928876
412,37772,75592,354376.85156926565,61357.217597986935,1.2629102057871182,13.0,0.7178596,544.1195,0.6098474,531.9431,0.2542319,433.2767,0.3966662,416.6831,601132,1.5840645265146176,10347,0.0892721562672556,0.10777527899395466
413,37773,75594,354373.43182877667,61357.69376371445,1.263664112447546,13.0,0.7189599,526.8433,0.6102877,536.6443,0.2546302,471.1695,0.3991471,437.2149,607793,1.5840492402746318,10340,0.0884108281888605,0.10671800943774948
415,23143,46326,115443.5408880028,37160.75172600907,1.2745344938177623,11.0,1.37742,766.5405,1.033991,603.8408,0.7759161,630.7593,0.8086874,742.0362,301845,0.5160326277693725,7510,0.1242554599602911,0.1296656526556498
416,21790,43604,178271.98341671325,55536.49036267856,1.6874907715115477,7.0,1.808012,1449.858,1.651725,940.4243,0.457727,691.7018,0.2224564,433.3727,226199,0.7968757658727083,4248,0.0890827496539864,0.07677300886759121
417,18037,36094,242307.74846311603,44004.97370740044,1.650717939021407,6.0,0.4594259,801.0947,0.4039926,477.2645,0.1663279,368.5038,0.1822153,367.9764,220815,1.0831156356301288,4435,0.0987420683513302,0.08905383456151741
418,85332,170684,90158.82064365844,95704.45222157384,1.0459321119206482,6.0,7.591244,5454.211,3.28049,2033.93,4.943811,3646.373,1.893163,2270.795,461100,0.4030099282771532,9035,0.0774326802763065,0.11274531289324946
419,83868,167756,114650.7272674184,112098.61529809366,1.131607504234563,6.0,4.188571,2556.649,1.409039,1810.851,2.848556,2015.447,0.9895527,1015.603,463179,0.5124887508853603,7398,0.0634194012961629,0.1369194143534698
420,36274,72576,195129.0200576445,49310.04452075585,1.1461957644021454,8.0,0.5213205,534.2076,0.6112541,418.1313,0.2154832,299.8483,0.2088428,381.3583,493966,0.872226719657671,8998,0.0917966558186511,0.13823118032576495
421,16475,32970,263907.6409787912,43966.5989668318,1.718791040954594,6.0,0.5845137,739.8737,0.4937318,409.4963,0.199273,392.6227,0.2462165,376.622,201247,1.179667155175197,4179,0.1020114241077967,0.08948206368270888
422,17622,35292,104505.48655226048,43251.226679013846,1.639764403933628,13.0,2.085291,1369.432,2.440661,1414.94,0.7702944,972.1471,0.5027558,753.7176,171267,0.4671395248886044,3918,0.1067225975157986,0.12382620312160847
424,40477,80974,362313.7921067955,56755.05606988915,1.1638766750993912,6.0,0.2907481,597.2198,0.2019423,369.6516,0.1604398,295.8925,0.1663766,318.5431,561561,1.619542650717376,9095,0.0818469789960583,0.10319980060167405
425,44852,89748,132636.10009956933,82804.74424829082,1.3765084353123709,12.0,0.8791569,958.7352,0.5742525,688.8832,0.5079546,749.0382,0.3504729,409.2939,396728,0.592883367445075,8390,0.0970054341542374,0.10780176028340162
427,23583,47198,121446.33063113887,46605.797527265175,1.4134140990000694,9.0,4.393952,2420.251,5.290738,3828.544,3.180482,3076.51,0.6986946,1474.683,279104,0.5428650979211909,5929,0.1036828483491885,0.1084167380856376
428,118959,237946,195080.50289474905,128480.04969628766,1.0169763375638936,8.0,0.4700872,600.4604,0.3414671,409.1081,0.2501712,302.7573,0.1949195,296.4571,1269918,0.8720098479395283,23360,0.0887811218498094,0.1424959150995249
432,23134,46292,313932.28678106074,64280.48875672656,1.7665220723956157,7.0,0.5787949,785.4371,0.5413878,454.2869,0.1766424,384.1129,0.1721481,311.785,264438,1.4032773219113417,5691,0.1044507662659447,0.09317491292949437
433,14704,29436,195018.79155102503,46716.06173451255,1.9065090300471408,8.0,1.014382,1069.099,0.9007164,1075.287,0.4104436,759.7759,0.3602189,481.8282,145619,0.871733998233082,3129,0.1001151852562872,0.07827543739948674
434,28219,56470,367319.0373261089,61235.82649755807,1.5047332669960527,9.0,0.3309185,557.9116,0.2862085,334.2781,0.1406837,285.5318,0.1511133,303.4852,373364,1.641916096847707,6679,0.089500837520938,0.08230726376168139
437,21630,43280,182883.78822273857,56663.9667569677,1.7175413083993,6.0,0.9001742,819.8692,0.3462728,511.6632,0.6390502,597.5566,0.1901779,306.201,231441,0.8174905333556415,5120,0.1055408970976253,0.09606405345306429
438,26726,53524,242339.3119964925,67380.46481357297,1.6607933173736584,19.0,0.9923626,786.1285,0.7375959,401.6716,0.3824511,410.3351,0.214028,315.8821,329492,1.0832567246243217,6890,0.1036667017739193,0.11783644297997009
439,34673,69374,221825.1583374592,55038.999142322216,1.212104380964341,8.0,1.092176,1177.922,0.986748,559.1901,0.4487073,697.2814,0.4032013,379.7686,516014,0.9915584577684428,12416,0.1233692034061664,0.13050209962835882
440,12406,24832,122840.50343166906,37133.078196895214,1.842276298095044,6.0,1.599072,1314.307,1.962117,1065.782,0.5152422,600.0585,0.469818,526.5822,121370,0.5490970503395607,2780,0.1064563069617829,0.0814752969155458
441,30363,60774,106021.24922365347,64590.61975861547,1.5135851622038876,13.0,1.182144,954.4142,1.191282,900.5668,0.8176152,873.1171,0.2613204,454.0591,252102,0.4739149840297311,5986,0.1069024020001785,0.1257826497554131
446,39634,79268,161340.29609137314,58742.75481297778,1.2270118626748243,1.0,0.6830542,914.1198,0.7981263,704.74,0.2152173,419.5382,0.2717107,461.9179,454081,0.721191123528438,8452,0.0906575136758554,0.10622435025118518
447,21822,43672,106348.0696860669,38565.48903885001,1.3331330452000658,8.0,1.043353,1045.104,1.163785,878.4921,0.3410653,463.1934,0.4444726,679.0049,295435,0.475375871496719,5495,0.0936147739275614,0.19824512317311135
448,12269,24558,74697.91414285597,25568.913812278643,1.504622323674425,6.0,1.801211,1661.14,1.773647,1366.862,0.3894507,701.7369,0.42823,436.6873,134740,0.3338996762185662,2703,0.095905478285552,0.09788284166816469
449,24811,49674,179496.0924616137,65374.77637752534,1.7157628978602606,14.0,0.8518893,800.498,0.4581563,560.5706,0.6221503,612.8239,0.1838311,302.7609,243679,0.8023475333034134,5581,0.1071620583717357,0.09755796406187114
454,13683,27394,135053.5638227132,34687.18119248176,1.6890448436801382,8.0,0.6855704,765.4387,0.5210564,655.7875,0.3961077,457.0784,0.2802723,337.2051,143967,0.603689430287528,3456,0.1137365892187191,0.10089658685785971
456,19570,39216,103934.80783481926,44457.90661282284,1.589958667154991,20.0,1.006217,1098.917,0.8540525,1081.962,0.4872763,891.2029,0.2444651,386.2334,198282,0.4645885910216421,4197,0.0994761916048446,0.13160876640524902
459,19036,38108,117428.47540892208,49299.61447030146,1.6889704639420526,10.0,3.524225,1462.868,2.955998,1458.007,0.9702761,596.6117,0.9535842,1441.855,186889,0.5249052850778817,4485,0.1120857699805068,0.1297000075045035
460,25046,50140,201941.44699092515,50627.81476207531,1.4389323671519276,13.0,1.131448,1112.459,0.8589559,721.1153,0.3883737,477.4947,0.2160608,348.5966,297881,0.9026782680494356,6625,0.1087420392620313,0.11267661972546247
461,57071,114258,93230.38185364685,46428.78688935348,0.932372556780737,30.0,1.564777,3611.878,1.286476,2035.054,0.6362439,1665.59,0.6120586,964.5709,695254,0.4167398068858014,12868,0.0915005724118805,0.2166092618240036
462,57160,114436,93234.65800093333,46430.98668212592,0.9309923775023532,30.0,1.554976,3621.716,1.280133,2029.608,0.6336529,1678.416,0.6176583,922.7971,698501,0.416758921264172,12904,0.0913227790319955,0.21739164210873163
464,70148,140380,96641.76964227251,44703.0188406032,0.8282553842551887,22.0,1.083383,1199.651,0.7704268,845.3589,0.5548367,715.0651,0.4201416,540.3228,940073,0.4319887103009581,17179,0.0919626988715445,0.19537978817093504
465,45994,92316,104353.01190255262,70801.44722709204,1.2761620391312969,83.0,1.079728,880.8636,0.7753223,608.4713,0.6705296,830.0284,0.5411382,752.7543,423406,0.4664579632044102,10056,0.1096930427383991,0.20889416061073984
466,27441,54914,99561.97713885774,44522.48389364524,1.3005077935733398,9.0,1.028823,1172.165,0.8692088,765.7213,0.4165708,514.6257,0.2995519,467.2096,314080,0.4450420378106941,6251,0.0970079766597349,0.1287323964848793
471,23276,46580,116609.96483368408,43209.98823418092,1.3758351211796742,8.0,1.550119,1520.532,1.419242,1791.332,0.5694774,611.9117,0.8400701,797.6387,296626,0.5212465428065679,6308,0.1056970509383378,0.14190678919281371
472,18171,36358,124044.08433259564,40158.39051855695,1.5365411714747177,5.0,1.44574,1047.516,1.033649,1025.98,0.6287636,688.7131,0.8058742,563.1321,207389,0.5544770569667026,4706,0.1097711739870775,0.14240924107715797
473,23827,47678,147657.560841215,39999.25788718015,1.3106345104648534,7.0,2.293277,1395.51,1.715566,1073.617,0.8176945,625.308,0.5481309,1800.832,316534,0.660029296960231,6354,0.1005777601899485,0.19474841636215895
474,50682,101384,283997.6211732582,79955.31727466737,1.3037437716302152,6.0,0.4081698,557.9325,0.2058307,247.4143,0.2895998,341.6795,0.1780144,309.0512,641896,1.269469366644464,11982,0.0928887614056576,0.08799999314988355
475,46566,93152,284832.2653502241,74068.42541425834,1.3108418179731895,6.0,0.4241204,621.4196,0.2127037,276.9721,0.2946367,374.2876,0.1824432,335.0337,603352,1.2732002261155018,11484,0.095098501975008,0.08649086752926281
476,49602,99224,306510.41940904746,77934.93377773964,1.303328089612528,6.0,0.3617531,555.5004,0.2008346,253.5955,0.2415892,320.9092,0.1770032,314.8197,656474,1.3701015747584422,11699,0.0894733621915964,0.08837641224219582
479,33249,66518,64021.22746825886,28000.6016620918,0.9159599434381448,6.0,3.808339,1915.193,2.417583,1640.836,2.857064,1628.957,1.59587,729.1219,365472,0.2861748867831171,7206,0.0946290216677609,0.14548804332901605
482,22118,44292,106915.283613976,53329.9022911725,1.628866139320737,15.0,1.130674,1041.155,1.007198,783.4755,0.5669811,717.005,0.4421962,520.4965,202554,0.4779113177544727,4579,0.1042482469720426,0.10641441219155852
483,22132,44320,106914.83460381378,53329.9414906897,1.628296530943937,15.0,1.130763,1024.165,1.007197,736.1758,0.5671406,684.2106,0.4409294,535.412,201214,0.4779093106790476,4595,0.1051078527803829,0.10641871745263946
484,20193,40442,107818.526174601,54839.65877245172,1.7464631955840433,15.0,1.090912,983.728,1.009967,763.2124,0.531396,713.4135,0.4126211,549.6316,172052,0.4819488120004664,4042,0.1062509857525892,0.10024788826849955
485,33371,66762,221173.47148487068,53765.88684066924,1.2781390956567842,6.0,0.4544051,722.5961,0.2424185,338.5167,0.3125506,407.1834,0.1686585,305.9114,422103,0.988645417537372,8187,0.0961411996805862,0.09889675084345968
486,35470,70960,89787.60781026009,29245.68441939127,0.9046982271917664,6.0,1.197231,919.8691,0.9552462,791.2313,0.6391975,539.3859,0.6583706,965.6506,468762,0.4013506069118626,8775,0.0935750466542255,0.13323607217604552
488,31624,63612,142750.4218202049,88216.14614043364,1.7829045628037947,92.0,1.089939,1589.494,1.209715,2100.187,0.3712237,521.2012,0.2653844,1115.82,244886,0.638094385536316,6218,0.1120259436086839,0.14431724935331708
489,37586,75200,127578.67351328032,42432.05992234432,1.0611798889645814,8.0,1.010242,1048.995,1.178496,868.0309,0.2756323,443.6461,0.3451726,687.6379,462555,0.570276670604363,8739,0.0931256060783666,0.1349121145371979
492,18174,36368,406146.0673125433,55067.84535406614,1.862012701379876,6.0,0.2511404,541.3285,0.2117472,306.5404,0.09112582,269.1637,0.03829834,70.89188,223142,1.8154729208870688,3965,0.0873251844510516,0.053944647467901986
493,20608,41236,496360.646565734,58814.809351363125,1.7980745447761728,6.0,0.2309729,475.4245,0.2141708,332.0806,0.09270505,204.7984,0.1605778,251.1609,291664,2.218732090148831,5007,0.0870268015434351,0.07204931760982836
494,17035,34110,96046.40631301038,41931.53808934269,1.6548221360989672,11.0,1.250294,989.6425,1.700681,1213.089,0.5437955,601.2162,0.3858097,519.7622,160706,0.4293274362191564,3980,0.1147999653869451,0.10211671975532868
495,35524,71124,117192.29355741614,82858.9608739764,1.6093390672610033,20.0,0.7112203,652.2507,0.5813341,617.1529,0.3486117,337.7937,0.2622242,318.3005,274980,0.5238495522016502,6280,0.1011369858601475,0.09513458793080451
496,50839,101734,113319.16120203458,40032.20719241029,0.8816790442011685,15.0,3.101552,2219.66,3.065633,1522.186,0.731278,915.1388,0.4318409,512.9037,656518,0.5065366505730946,11273,0.0855824052353079,0.15103711905509684
497,40756,81552,151454.11895793915,38279.8335583644,0.9891637186646058,11.0,1.051081,1182.819,1.146459,911.7063,0.2411211,493.7997,0.2153351,443.6303,569615,0.676999911741988,9720,0.0864537934714933,0.13821127826436566
498,76153,152350,69348.93339683954,50544.379991858805,0.8343763021601588,12.0,2.355531,1602.878,2.087852,1053.129,0.6959127,751.6447,0.8986597,2093.197,891543,0.3099897322838728,14811,0.0817478846886228,0.17919846922555538
499,39910,79856,104936.85413087184,44878.52612721603,1.065357079663756,10.0,1.41321,1249.145,1.535151,910.249,0.4105732,615.783,0.4388434,794.933,512072,0.4690677379649972,10149,0.0991200398472522,0.1473760189108175
500,18884,37800,97691.4656944399,31110.37595397718,1.3231162598354484,9.0,1.846403,1030.316,1.463739,748.3593,0.7444313,829.3661,0.8901895,1142.586,212225,0.4366808516541464,5166,0.1173530814838372,0.13503117602253048
501,21280,42580,152325.98769206044,38734.25391419393,1.3373044245592915,6.0,1.144889,933.545,1.399457,692.82,0.3290855,490.0375,0.4948858,447.9277,253608,0.6808971649835103,5923,0.1140749585917337,0.10116640607253131
504,11911,23846,97031.27966819445,35260.833633093025,1.8240629133884063,7.0,1.713121,2312.825,1.928747,4303.724,0.3592526,1180.409,0.6814322,2227.1,113032,0.4337298201168292,2191,0.0891846786339398,0.10048536970468128
506,12155,24346,82561.00458556217,28703.357367205244,1.6148517451703102,10.0,1.408252,1481.371,1.30362,1077.732,0.3888722,516.5693,0.3770371,434.96,120064,0.3690476904974629,2663,0.1031211276332094,0.1087152569320696
507,17742,35504,116191.06501298348,35535.51828434572,1.420990309220307,6.0,2.493531,1643.217,2.98482,1505.922,0.4540212,731.5173,0.2816877,375.4934,204340,0.5193740606080363,3527,0.0837031587440966,0.10578960074910813
510,51396,102812,93928.84428854963,73025.9987601983,1.198448405051187,6.0,1.167416,611.5836,0.8756845,570.9506,0.5507222,389.6634,0.4407998,613.9897,516151,0.4198619339698169,10549,0.0969363375725942,0.14454600433369166
511,27893,55806,78232.79414661136,46015.37372737093,1.3318200325947156,6.0,1.397935,1125.816,1.39189,836.0897,0.4790938,861.3646,0.5664492,758.2795,274934,0.3497005898353528,5505,0.094047903782417,0.12100748707055177
512,37348,74756,138600.72798311594,60617.18519834764,1.268123795500504,16.0,1.231897,1174.021,0.9171696,708.4758,0.6079038,793.3225,0.3291009,619.8434,430964,0.6195452540845283,7782,0.0879530736106872,0.14206398489728414
513,30336,60692,254181.86596349563,42631.93067026834,1.1558011546263622,6.0,0.8296382,1258.966,0.6233193,773.0373,0.3151088,613.7589,0.2777379,430.1442,418748,1.1361929408568257,7474,0.0900981266726137,0.12332250907231838
514,15819,31658,192053.5412956581,35927.040167691855,1.522215094448478,6.0,1.067333,889.5706,0.8005671,687.8945,0.4362559,513.4243,0.5856448,471.3834,200727,0.8584793295915918,4037,0.0993454080125996,0.12372695317394782
515,47221,94462,153575.68611748124,48853.68393615026,1.0016047606859035,6.0,1.385842,1186.15,0.9398919,755.6906,0.5683656,559.7032,0.297532,323.959,656279,0.6864833169451412,10975,0.0846856022901764,0.1244654964396568
517,29607,59234,135658.38134525984,52199.54055206791,1.3510022892225204,6.0,1.73318,1175.886,1.007175,1122.604,0.8612753,604.3867,0.356164,420.5476,369323,0.6063929646133115,7331,0.0983525181786471,0.10990188512302101
518,31486,62992,114708.80067410776,66424.30872163876,1.4730161093320293,6.0,4.242461,1766.748,1.118508,676.9346,3.043192,1328.078,0.5300581,428.4102,282907,0.5127483390132617,5425,0.0877803307336332,0.11340984215463165
519,28297,56614,108734.16004946428,54716.310434047205,1.4398229289783862,6.0,1.951478,1033.405,0.8490217,487.2832,1.208465,864.161,0.2949493,426.8678,269652,0.4860416954211053,6231,0.1077747989276139,0.09612087188567518
520,34037,68094,99436.72571964146,45743.794213453344,1.1449507678067643,6.0,2.779522,2320.959,1.074659,660.3861,1.730848,1601.251,0.4322976,538.2202,372586,0.4444821639667973,5798,0.0750433589604203,0.12737076767764346
523,32878,65792,93929.92959631488,32668.85148023625,0.9892325610095324,10.0,2.421582,2129.872,2.687009,1382.828,0.6919242,930.5162,0.7898149,795.496,427178,0.4198667852955275,8061,0.0940749471915226,0.13614929779629262
524,33992,68020,93871.24483348572,32581.658617070305,0.9738580833773656,10.0,2.416403,1886.427,2.705851,1235.649,0.6774808,923.83,0.8103439,804.4738,431610,0.4196044644056812,8360,0.0960632454668719,0.13656862108577356
525,48748,97516,319175.3757226629,76415.44310028655,1.29706945577403,6.0,0.350822,505.3881,0.2059433,290.8276,0.2196545,237.9907,0.1663958,332.4192,699886,1.4267139294803033,11665,0.0851000189678567,0.09405338264381323
527,50522,101064,288419.7310761756,79754.61447970984,1.3052459703064974,6.0,0.4083007,487.6982,0.2119307,263.3846,0.2689998,331.3778,0.179582,323.0624,660979,1.289236197910505,12041,0.0912819346524145,0.08913229583052489
533,23999,48186,68189.73892535301,31912.84118283576,1.1683594905848178,48.0,1.819848,1372.645,1.975122,1687.675,0.388899,956.5623,0.8534799,1270.922,339500,0.304808132996328,6172,0.0920960353343181,0.30534781184854665
534,14687,29394,112160.77647095006,30697.54343132529,1.5064614737482935,6.0,1.825634,1302.436,1.89509,1146.872,0.4517978,722.0164,0.5798132,438.3833,150631,0.5013586708251468,3669,0.1146204311152764,0.10604319884589343
535,20914,41860,211247.9836613112,56908.64568857472,1.7613632800064274,9.0,0.6513906,773.3437,0.5853777,467.7578,0.3611234,507.7751,0.2951584,336.8348,218977,0.9442784869660612,5046,0.1092491556248376,0.07368409879734532
536,24596,49228,93580.28150729206,33551.811860035974,1.1632174018290875,10.0,1.343085,1427.534,1.118422,978.2043,0.4218121,550.0212,0.3297811,342.8101,266278,0.4183038583375955,4887,0.0877221324717286,0.16148721418172482
537,19589,39198,309276.4059978541,53065.92150425991,1.742144718131349,6.0,0.3051979,604.9891,0.2204327,334.6461,0.1594679,301.5991,0.166514,311.9832,238354,1.3824655348104078,4356,0.089731177258214,0.08653836415208496
538,19835,39690,309271.48228847474,53066.329836745135,1.731743038716184,6.0,0.3066231,567.2155,0.2191125,321.0788,0.1615709,293.8694,0.1604452,307.8444,241932,1.3824435258294825,4373,0.0888297548193138,0.086445181452006
545,120174,240356,89957.88835088637,92270.67763160996,0.8812377932996509,3.0,1.076257,1119.217,0.8632891,776.8403,0.5927262,868.3681,0.3649443,450.4282,987260,0.402111760928462,18429,0.0840156460848316,0.15847767016561937
546,17482,34992,143447.6811493868,49011.84795015079,1.7866872705934649,8.0,0.7597599,627.6934,0.7752439,653.4083,0.6717404,615.1506,0.2271931,332.7238,161947,0.641211134737759,4206,0.1196892518710338,0.07396202303664437
547,69820,139736,83194.79032634346,68905.1292019357,1.0120584074806602,25.0,1.428489,974.2704,0.7174107,790.8665,0.9767345,1139.77,0.3664212,449.3513,634723,0.3718807127587553,12633,0.091867009904446,0.1413178349621382
548,69357,138762,56478.01467360977,52019.403242745815,0.8770104964873141,13.0,1.915709,1275.128,3.237015,1589.44,1.245413,1261.499,0.7021601,723.1806,640725,0.2524567255910356,10476,0.0757828945940667,0.1582836762723283
549,47811,95690,116535.25055140015,68380.54837059572,1.2376364557696171,18.0,0.7583985,881.8689,0.5980632,1057.257,0.4625332,711.9081,0.2527673,348.3947,451255,0.5209125699647588,9077,0.0935831082334989,0.10463687230338516
550,110599,221414,133322.79206819783,63768.85210808893,0.7763238427051787,55.0,0.9256089,1079.417,0.9114445,1055.092,0.5739083,826.5703,0.2321098,349.3951,1223955,0.5959528805448443,21780,0.0855412506774961,0.17699958944198774
551,35537,71142,57152.42154418711,49573.89579196153,1.21651857973414,18.0,2.445956,1185.335,3.330081,1581.605,1.173954,964.5436,0.6037377,622.7632,304145,0.2554713243025164,5194,0.0776069448802426,0.1359539481830119
552,39295,78626,105805.05286383096,56031.55992372849,1.1988175885142598,10.0,1.602469,1441.708,1.278577,934.0028,0.7730782,838.7567,0.2307522,329.5627,402295,0.4729485863013244,6986,0.0822008071822749,0.12399593264165477
553,24980,49988,189873.50188063167,34568.020114416715,1.1774532339388586,8.0,0.4338667,731.3763,0.3986045,510.8402,0.2076234,502.1217,0.2397654,546.7879,318529,0.8487345534064237,5970,0.0929182879377431,0.1336923241924219
554,60202,120656,65684.12842308424,72430.09734972601,1.1424837723750223,64.0,1.913257,1151.005,2.202815,1464.712,0.8691602,1021.314,0.469737,556.9026,464108,0.2936080540511866,9017,0.0857504231888468,0.15665342415437716
556,46224,92612,90854.30461570864,46127.606338065416,1.0173414660114342,42.0,1.169367,1081.008,1.038864,866.9935,0.4702314,561.3707,0.3945963,1130.326,528928,0.4061187416322176,11374,0.1047619047619047,0.15555337079476425
559,28248,56528,146640.6935632273,38012.72172760104,1.2014760490651542,9.0,0.7684478,955.567,0.5788183,583.5518,0.5167483,907.8229,0.3092617,413.5427,348039,0.6554839002276261,6247,0.0883742643730194,0.11243628712500625
560,43944,88320,156849.40759548935,59305.9501307058,1.2102363680742434,109.0,0.6409472,742.4075,0.4983591,533.4582,0.3928674,624.4615,0.271403,427.2609,532566,0.7011168519518375,11810,0.1105153327157201,0.2184830420754905
561,53593,107214,100778.47101687864,52757.50500479855,0.993253995559513,8.0,0.9188657,965.2003,0.865717,637.4664,0.3982261,452.4696,0.3288864,375.8026,622613,0.4504797654454475,10910,0.0856996975766859,0.16415573145550635
562,57382,114792,100731.38270838094,52686.3065619145,0.9591087815419512,8.0,0.9201542,935.6151,0.8717718,630.2556,0.4000901,437.2408,0.3191381,386.2881,665877,0.4502692807064629,11827,0.0868266110678784,0.16321543068222583
564,17436,34892,174156.61575099925,50981.18151329973,1.814761058675079,6.0,0.8710891,1015.744,0.694552,684.6626,0.3166988,419.0076,0.2392028,351.4999,165118,0.7784800724069667,3894,0.1086798771978788,0.07199143729540038
565,17093,34206,181323.7221136728,49033.80819057949,1.797759649983683,6.0,0.7981685,1035.812,0.6538466,731.777,0.2766559,416.3334,0.2020012,340.6578,168910,0.8105170378481175,3794,0.1047921557795884,0.07714014799028586
566,71162,142344,77102.09500386874,77897.01063044435,1.045396763647205,6.0,1.504011,680.0916,1.064246,685.9179,0.7140086,510.4908,0.6195096,865.3824,645498,0.3446463646672933,12705,0.0911863920189478,0.16042114922545112
569,40789,81618,113913.25410597563,41117.45029963,1.0209366073256645,11.0,2.48575,1877.546,2.179978,1290.693,1.04213,1183.077,0.5297961,735.4132,473641,0.5091922458537111,8896,0.0912316685468157,0.13819842307924873
570,23623,47282,204115.9431713016,52653.60195402976,1.5400167381674892,10.0,1.054138,1243.536,0.8802979,799.386,0.353151,519.6784,0.1719952,523.7786,296359,0.9123982659757182,5863,0.0978961429287026,0.09565993825233012
571,17609,35238,112087.0805228718,31548.091839829453,1.3676145046270871,6.0,1.808433,1602.331,1.966298,1121.614,0.455797,760.418,0.5795174,420.8361,183576,0.501029249937237,3960,0.1021329275526784,0.12973231340245742
572,39162,78856,155313.713042075,64784.527477527074,1.335514223387953,134.0,0.6420161,774.3196,0.5087147,533.6689,0.4071132,626.6242,0.2673387,424.3459,442662,0.6942522972980752,9844,0.1092818525960545,0.1960590621857075
575,44514,89048,212067.59009995303,43784.350118639,0.9739120040078144,6.0,1.111698,711.7321,0.8183776,369.8295,0.4102916,476.0066,0.2129434,331.6616,595731,0.94794212774679,11393,0.0959604467429206,0.1206006327823808
576,11892,23832,78308.56396621339,29350.8443336065,1.6748298182790569,13.0,2.754735,1705.738,0.9911463,1089.728,2.067934,1547.085,0.4152017,786.1161,111484,0.3500392809289739,2697,0.1110287760899098,0.10616933951571016
580,32438,65024,111254.41684123976,50488.17625947313,1.2408013052455338,38.0,2.013993,1676.969,2.072723,1371.985,0.6664336,982.0971,0.7591377,776.1127,357790,0.4973072432803417,7127,0.0958587203593861,0.15824788551534302
586,21655,43358,111292.165150224,41223.56112306741,1.4265764401341503,13.0,1.204722,1444.635,1.297564,1102.825,0.3085379,598.3408,0.3531334,671.9543,238587,0.4974759782215013,4395,0.0883683522670151,0.12592167372856805
587,35247,70530,117113.42929488924,50811.1592482892,1.1869120561694024,10.0,10.53083,4792.189,6.062685,2517.868,4.798464,2346.452,0.4600265,829.588,413708,0.523497028948155,8241,0.0973181705459312,0.151428698855461
589,28644,57308,104195.97995895628,32102.081594943447,1.055797837217483,6.0,1.200519,819.1927,1.07585,718.6181,0.996006,693.248,0.401337,483.5576,355359,0.4657560304165345,7455,0.1035014161159549,0.1293757297669281
590,63778,127592,90287.11709376112,42823.25801647714,0.8309482530116287,10.0,2.13031,2208.774,2.066259,1485.773,0.6109115,900.3615,0.5722007,725.5113,819895,0.4035834134091122,14526,0.0885791120136106,0.1897289917436089
592,80124,160244,172883.8702554537,106876.3984143728,1.1600402769563825,-0.0,0.6874867,620.1914,0.4240874,436.1768,0.4191437,569.9152,0.2093548,325.8034,914929,0.772790900041878,18400,0.0983441832622475,0.10509155370145853
595,46823,94158,120026.0346227627,69156.29928321342,1.2478541660154403,129.0,1.510512,1011.664,1.087895,814.4816,0.6274984,679.1258,0.3598411,424.7381,460319,0.5365163747637494,9408,0.0968997837058399,0.2046637316876282
596,40528,81076,185316.06317809623,45969.41465003936,1.0480466684197725,6.0,0.6739796,613.5195,0.7998807,651.1423,0.225181,319.1263,0.2324851,343.4775,582988,0.8283628024060902,9853,0.0861750789333286,0.1426167284431774
597,28644,57308,104195.97995895628,32102.08159494345,1.055797837217483,6.0,1.201395,818.99,1.075257,766.0639,0.994919,700.6587,0.4011734,479.832,358166,0.4657560304165345,7472,0.1031033102896331,0.1293757297669281
598,25275,50682,102636.98262319255,47393.784804134426,1.3893574271653326,34.0,2.03034,1770.178,2.367905,1110.679,0.6488449,959.0128,0.9621736,1000.182,261808,0.4587873123256707,5558,0.1007669017531772,0.1539739692706352
600,54040,108240,69252.0516469499,35874.70082074267,0.8258166443019136,41.0,3.877953,3708.264,4.401375,3877.584,0.7222558,1657.383,1.457712,1593.747,590536,0.309556670861866,9934,0.0807169786791471,0.20124524798429835
601,20070,40160,257533.368270072,48499.0351791196,1.6389671537430013,6.0,0.5284506,559.7143,0.501884,373.3481,0.1583378,256.1224,0.2651342,421.3087,280020,1.151174156167222,5839,0.1056087105934272,0.116368274902585
605,22483,44986,118520.23007652586,30378.822644534725,1.1817240943081673,6.0,4.528113,3261.805,4.293437,2072.205,0.960821,1682.095,0.436881,528.5266,280549,0.5297854284420707,5420,0.0954342964802,0.14452462594348794
606,15346,30716,115077.60168592316,44908.19318305802,1.830263750247033,7.0,1.352103,1426.917,1.17241,1040.973,0.4734227,602.0802,0.5825998,512.2781,136748,0.5143968795360766,2544,0.0846617191919864,0.08963714910939698
610,44103,88530,102235.36169464132,69113.41657407452,1.2905923606668934,82.0,1.020967,833.7382,0.7767212,654.8217,0.5764043,602.4101,0.4301134,479.1571,391072,0.4569920667750468,9447,0.1103827818283791,0.1969204178515868
611,78941,157902,83919.90737299192,47818.04661785239,0.7929496806569076,6.0,5.603368,4879.579,7.792802,5165.624,2.193185,2372.41,1.138768,1766.12,940110,0.3751219859572739,16397,0.0858495159609836,0.21455742243237336
614,19882,39804,197669.37162571616,54353.11807332233,1.758661357169114,11.0,0.6004078,352.9765,0.6039102,328.6662,0.4268237,419.6461,0.4914199,510.9911,206583,0.8835820911669513,5045,0.1155123068116771,0.08531553265150134
615,36872,73900,124996.0141866528,63877.80406707107,1.334990256622364,40.0,1.553212,2130.139,0.7417072,782.7192,1.247641,2130.581,0.4027899,821.8832,326828,0.5587321834143381,6688,0.0935842720212691,0.20011730227725405
616,21113,42246,305617.7022772409,51418.94988408824,1.616380325110967,6.0,0.5842503,734.2139,0.4156737,494.504,0.264896,611.7841,0.2725885,683.7119,262703,1.3661111291792671,4471,0.0838994182773503,0.08696228802649761
623,15686,31404,46968.70845846176,22369.75412635978,1.2146376135023014,9.0,4.006623,2363.727,3.933871,2279.318,0.7498896,735.9659,1.12688,1238.208,192630,0.2099501268093241,3876,0.0988901645618063,0.19866260010427542
624,29214,58448,182383.35880525285,41160.895446063485,1.200281400499833,6.0,0.7583939,717.8787,0.5526466,431.5513,0.3204222,362.3806,0.2553263,414.5222,374563,0.8152536138594804,7070,0.094286781179985,0.15472694925914415
625,79049,158150,79880.48114433081,45150.286771985775,0.7749720247294508,14.0,5.92722,5277.97,8.171566,4951.644,2.275805,2699.73,1.161098,1870.083,938196,0.3570657507151588,16684,0.0874400566022903,0.22652353689205496
626,18969,37978,168419.12029183283,44882.78998813921,1.5903299114382523,11.0,1.73017,1302.465,1.826851,977.38,0.4921486,576.2344,0.3341075,381.4059,208540,0.7528334677044929,4363,0.1002827131266233,0.0740526049211182
628,32423,64902,91316.4686321025,31678.72618784158,1.0125801318975916,15.0,1.387795,1797.12,1.067089,1310.37,0.5998184,627.2844,0.4073595,617.8683,454608,0.4081846147854981,7658,0.0853649020722558,0.2210004988228859
630,24320,48660,95345.5774536518,30949.634456176544,1.1491356653021374,6.0,1.321775,1107.283,1.54362,1038.069,0.3207391,527.0447,0.5774016,649.7908,283004,0.4261947312178236,5980,0.1027809288095974,0.11551190736497581
631,9065,18150,64257.29548133524,25353.559413274525,1.7758892075779622,6.0,2.079509,1993.522,2.199358,1329.03,0.5841216,810.1162,0.9919956,1108.935,82414,0.2872301108015685,2024,0.1116012351124834,0.11294219025655709
633,39735,79630,115174.40913545572,58271.11971653113,1.2224499673055471,41.0,4.427827,4958.874,0.9769762,2147.667,3.760839,4185.6,0.4720077,1571.813,378748,0.5148296088354871,6806,0.0836241214921118,0.21613818860413972
634,42405,84854,307640.73368111055,73622.06918311556,1.3466627773868824,12.0,0.3210982,636.5765,0.2388842,412.1355,0.1656774,307.6467,0.1746341,313.7518,565751,1.3751540795545645,9333,0.0831388408843913,0.0916910776976137
