id,num_vertices,num_faces,volume,surface_area,average_edge_length,genus,max_ver_magdisp,max_hor_magdisp,max_dia_magdisp,max_tor_magdisp,category,num_tets,mass,density,principal_str1,principal_str2,VM_stress
0,42360,84764,307642.70359097305,73622.29836912792,1.3470765411451024,12.0,0.3218256,0.2398733,0.1656672,0.1749505,block,570111,1.3751628850516495,4.47e-06,659.8771635565815,413.0293364434185,578.3250687532316
4,35622,71368,104015.59872298413,39149.66754684719,1.0485144030150015,32.0,1.222151,1.000106,0.6117905,0.3997367,beam,431759,0.4649497262917391,4.47e-06,1062.3703004128142,903.4852995871856,993.1653605157401
6,35186,70532,114996.43975304914,58499.675375228704,1.306740289802938,41.0,4.433872,0.9654084,3.76125,0.4957121,block,314815,0.5140340856961297,4.47e-06,4824.582761625881,1664.6342383741185,4244.898019348992
8,24577,49174,89326.26856864101,30458.40876419841,1.1300231371041438,6.0,1.516299,1.608428,0.3757124,0.5833325,beam,293971,0.3992884205018253,4.4699999999999996e-06,1016.7933059772643,949.0833940227358,985.716598335135
9,38322,76720,78486.3213117592,38243.142004311085,0.9895066473315292,20.0,2.183306,1.88095,0.787904,0.6043976,beam,481030,0.3508338562635636,4.47e-06,1926.024972397805,1671.4800276021952,1812.8938411961688
10,43107,86250,89919.88528275519,69797.80972083045,1.2926922316502507,10.0,0.98185,0.8286518,0.4665779,0.3961667,block,401725,0.4019418872139157,4.47e-06,791.2312809134648,604.8622190865351,717.9933411879598
12,45862,91792,164079.85278731736,46607.6522412569,0.9992946722834036,18.0,0.7475083,0.7642335,0.2016566,0.2715657,butterfly,625048,0.7334369419593086,4.47e-06,1852.2389555731386,1131.9540444268616,1617.647636795789
14,39157,78710,211506.4406569465,61185.84616055647,1.2869115891704193,100.0,1.168271,0.9337082,0.3764596,0.2022859,butterfly,469738,0.945433789736551,4.47e-06,1331.149001352054,764.3077986479459,1157.485946428223
15,20730,41484,129481.0876004323,48599.39154042077,1.604276213688996,7.0,0.6602831,0.6776149,0.2996366,0.2322743,beam,224221,0.5787804615739325,4.47e-06,839.9475470091027,641.8088529908973,761.1562410475724
16,25703,51446,98714.93865364912,32239.874929130845,1.1568889965714968,11.0,1.327584,1.026911,0.5734717,0.3732003,flat,303819,0.4412557757818116,4.47e-06,1762.5919126137658,1248.8840873862343,1570.652477513406
19,37987,75994,93522.85030633993,42798.433277727454,1.0468154073511473,6.0,1.464788,1.613414,0.5211643,0.6637756,flat,438547,0.4180471408693395,4.47e-06,1204.3415994636239,839.7841005363763,1070.9518016550467
20,27529,55254,93875.5033490189,53155.74975759405,1.4317761980267234,50.0,1.069466,1.007401,0.6355884,0.3833724,arch,267823,0.4196234999701145,4.47e-06,796.1830072235662,656.1745927764339,737.2029915541852
21,15564,31148,72802.09743533103,27713.388501747715,1.3825284893067773,6.0,2.165065,1.490522,1.743223,0.6254251,arch,176078,0.3254253755359297,4.47e-06,1011.3961880450681,786.8328119549317,920.9590483409129
22,40427,80886,173762.23226663907,84855.88713619953,1.5169701957295074,9.0,0.5641687,0.412142,0.3189507,0.189726,block,346004,0.7767171782318767,4.47e-06,682.3588887966572,535.6134112033427,622.8787654009325
23,19039,38106,45453.15481393392,23265.68753817487,1.136483332494525,8.0,4.074253,5.154334,0.7986945,1.358528,beam,207884,0.2031756020182846,4.4699999999999996e-06,2711.8953386445432,2403.323661355457,2572.196223173691
25,32413,64850,79950.48894225042,27381.777461829595,0.9211128293375764,7.0,2.291078,2.233003,0.5177682,0.5447881,beam,477057,0.3573786855718594,4.47e-06,2469.410062449676,1785.0189375503242,2208.6029946984586
27,23986,47992,213306.1128358725,43655.6500845981,1.3771407932909636,6.0,1.416727,0.8860566,0.642565,0.7180872,flat,317477,0.9534783243763502,4.47e-06,851.9573832636524,385.7565167363475,739.8409523853151
28,23668,47372,204116.99740753183,52654.57046694403,1.5393128053810277,10.0,1.056893,0.8828787,0.3532265,0.166005,flat,296626,0.9124029784116674,4.47e-06,1273.1702850296006,809.2508149703995,1116.731798175511
29,92602,185240,97972.9138033977,62090.05108399379,0.8350067597868428,10.0,1.750704,1.480224,0.5749731,0.4062034,butterfly,1152206,0.4379389247011878,4.47e-06,1893.0173493421476,1294.5206506578525,1676.4683039989154
30,10647,21314,68878.16460815653,26983.61654921044,1.6781513892869326,6.0,2.196278,2.079943,1.068309,1.698491,arch,100965,0.3078853957984597,4.47e-06,1305.7228213349504,1015.4591786650493,1189.1892561627858
33,91955,184270,59820.13804070128,71544.05186683616,0.8993838189804008,91.0,2.506477,2.961179,1.108796,0.752136,flat,750487,0.2673960170419347,4.47e-06,1391.0459375904632,1322.691062409537,1358.9130852681492
34,55026,110116,54720.79918545771,49996.3028401114,0.9711584551407126,17.0,2.009158,2.148854,0.5994661,0.5928597,beam,490613,0.244601972358996,4.47e-06,1247.2855863350296,1178.3824136649705,1215.2642845319697
35,36822,73712,46488.2226733158,46683.85168852177,1.1752268726673154,18.0,2.587605,3.832947,1.12039,0.6352522,butterfly,289286,0.2078023553497216,4.4699999999999996e-06,1614.1002677425977,1517.7537322574026,1568.7823721931604
38,23502,47028,172230.42075226916,36796.78004318669,1.2817101697235391,7.0,0.5824952,0.4269034,0.4014889,0.2705508,arch,286072,0.7698699807626432,4.47e-06,747.9650846993447,494.4779153006552,659.8131417678568
39,19042,38104,239921.6867906987,41414.21525522713,1.5649808407309456,6.0,0.4120154,0.4891678,0.1709405,0.1712208,flat,234831,1.0724499399544234,4.47e-06,689.691630826121,550.8849691738789,632.5550397445031
40,12808,25648,95869.64045432056,33300.922238238105,1.6995057347415992,9.0,1.370862,1.467324,0.326268,0.6108811,butterfly,136271,0.4285372928308129,4.4699999999999996e-06,1449.7259552252865,1058.3890447747133,1299.9531773940937
50,19950,39920,78769.9968815968,31155.86161514028,1.2688979961317854,6.0,1.536677,1.990238,0.5360041,0.7387816,butterfly,221839,0.3521018860607377,4.47e-06,1192.104322595358,1034.739677404642,1123.4097109919426
51,28697,57494,224368.49446106184,58181.64509353877,1.468731016043942,26.0,0.9693751,0.7368961,0.422471,0.2383381,flat,340975,1.0029271702409466,4.47e-06,1409.653329717283,750.8467702827172,1222.1384331942559
53,37407,75142,110915.23148291034,55682.08417141908,1.2371442623736366,83.0,2.440479,3.457741,1.262147,0.5715813,flat,414851,0.4957910847286093,4.47e-06,4327.674620820755,2511.5233791792452,3764.3819985740024
55,20854,41740,89623.60196104774,35868.872325708144,1.327350028474847,9.0,1.392442,1.444185,0.4892057,0.4300978,beam,242282,0.4006175007658834,4.47e-06,2163.9567397868786,1656.9802602131213,1960.7471718513332
56,18474,36968,284927.5612788341,50810.38775427365,1.7641921713907045,6.0,0.5084434,0.4301174,0.1872515,0.1694518,flat,219410,1.2736261989163886,4.47e-06,779.5857246712856,505.6530753287145,685.6580753832336
58,19734,39488,306833.9377348144,53982.41837108561,1.7599598590756649,6.0,0.4424836,0.369788,0.1725674,0.17014,flat,243475,1.3715477016746205,4.47e-06,684.1231698191406,404.0609301808594,596.5065740849886
59,17663,35346,93356.65952727248,33178.9034772958,1.4221208430458496,6.0,2.522228,3.04978,0.5594327,0.4886863,butterfly,179707,0.417304268086908,4.47e-06,1643.7539188849744,1239.8830811150258,1484.2040914722613
61,17098,34216,324206.9054228962,48881.98941447545,1.7969729154431495,6.0,0.4390384,0.3733253,0.1633324,0.2294946,flat,201352,1.449204867240346,4.4699999999999996e-06,1007.8799310160437,407.69696898395637,878.8041462627551
62,13301,26622,106473.15918764911,34067.50969869271,1.700148199859882,6.0,1.333492,1.068866,0.4391686,0.3783407,arch,135618,0.4759350215687916,4.47e-06,1001.5063737174512,686.5354262825488,887.7322754258967
63,29736,59500,123696.60505444168,67779.71073236015,1.601223674331567,8.0,0.7376505,0.5653824,0.4469345,0.3486796,block,237990,0.5529238245933543,4.47e-06,667.4865584104485,478.65744158955147,597.085815359501
64,23840,47700,249369.49536109244,41713.5179103645,1.3050790405204782,6.0,0.5917521,0.6007903,0.2275115,0.2650914,flat,327626,1.1146816442640832,4.47e-06,701.2722175762848,506.91258242371515,628.4761155925021
65,16857,33754,134527.20460649332,40327.55728482887,1.65656301099322,11.0,1.825855,0.4459702,1.400475,0.2126875,block,177903,0.6013366045910252,4.47e-06,1384.5609922401418,533.7207077598582,1209.8856811325566
66,38613,77270,105326.7553414372,45436.94413949156,1.094270433969913,12.0,0.5896018,0.5693856,0.3920666,0.31932,arch,465341,0.4708105963762243,4.47e-06,1164.4750930524003,860.1153069475997,1046.9231648460932
69,13204,26436,168521.76436021435,43835.24855088038,1.960584869999355,8.0,1.074535,0.9484822,0.6710564,0.4405645,other,128694,0.7532922866901582,4.47e-06,1169.2638869701364,633.8922130298636,1014.4985349841614
70,14078,28180,108878.27899830056,35275.03249701776,1.6568700879603435,7.0,1.432069,1.23038,0.4870729,0.289217,beam,132859,0.4866859071224035,4.4699999999999996e-06,1437.2488910804807,1124.8991089195194,1309.7921457956602
71,17801,35634,134341.64790866207,43683.188454045056,1.648408909319789,9.0,1.823161,2.123211,0.3436465,0.4547605,other,199412,0.6005071661517195,4.47e-06,2866.7047611995367,2305.169238800463,2631.5026747005218
72,16941,33910,141278.8356532572,47454.26501120136,1.778571493310248,8.0,1.506919,1.781618,0.617431,0.5785369,flat,164020,0.6315163953700598,4.47e-06,1243.8330332933626,1169.5839667066373,1208.9596353017746
73,52667,105478,122129.5491220946,45263.08741785887,0.947768403923212,37.0,1.575359,0.9470996,0.9649112,0.7810993,butterfly,663966,0.5459190845757629,4.47e-06,1748.6400523564964,836.0235476435034,1515.6485730528566
76,26345,52894,109214.4872363806,53956.71596454407,1.4699995071318035,52.0,0.8830404,0.8113034,0.5745158,0.33366,block,256650,0.4881887579466213,4.47e-06,735.6179915854033,635.7772084145967,692.1262771589301
77,21939,43906,139009.43276562094,49808.27615671,1.570225864674726,8.0,0.8048338,0.8744306,0.753639,0.2283724,block,258370,0.6213721644623257,4.47e-06,772.6533325194179,712.3508674805822,744.9591990651098
78,46102,92224,179291.71402999217,48209.50304940701,1.0065161174534014,6.0,1.259153,1.295173,0.2674286,0.3336877,flat,619369,0.8014339617140651,4.47e-06,1345.1342743018831,932.4733256981172,1194.2088836009218
79,39610,79240,172574.74254905366,102807.85583591432,1.720306259029191,6.0,0.7636228,0.3575586,0.56291,0.215547,block,284980,0.7714090991942699,4.47e-06,789.7791981104431,373.448801889557,684.9780758601548
80,34049,68134,93297.62317828865,32859.04518125175,0.9790896616534432,10.0,2.408189,2.698867,0.6875717,0.8422624,butterfly,417734,0.4170403756069503,4.47e-06,2048.7641160498806,1346.6348839501195,1803.9657783137131
81,33268,66572,93384.23587106206,32950.94821668793,0.985772288664254,10.0,2.412284,2.650574,0.7012163,0.8052344,butterfly,416004,0.4174275343436474,4.4699999999999996e-06,1782.0666342446725,1203.5053657553276,1575.3906042448646
82,97341,194834,109538.71941165626,65616.3004759238,0.8388807519634045,39.0,2.949905,2.364963,0.9140135,0.3191369,beam,1211060,0.4896380757701035,4.47e-06,2712.647497236895,1747.700502763105,2381.8460403401396
86,64534,129388,312680.31268429186,120743.80331821392,1.4653313219032675,81.0,0.2884869,0.2116809,0.1520164,0.1658531,block,642162,1.3976809976987847,4.47e-06,484.93768628387295,267.94131371612707,421.89801793907486
87,31281,62586,239658.15298395712,66740.77680200135,1.5304402228530514,7.0,0.6808685,0.5823802,0.2605833,0.1385729,flat,395743,1.0712719438382885,4.47e-06,881.1638771752268,478.423422824773,764.6004670140674
91,26248,52516,134717.9846430522,39195.814746711854,1.219866457388396,6.0,0.8279374,0.5014808,0.4863251,0.235828,beam,368440,0.6021893913544434,4.47e-06,658.205688249784,511.5820117502159,599.533394024478
92,17124,34268,374336.5557608854,52551.75430168271,1.8617679149212367,6.0,0.3216349,0.2460626,0.1494061,0.1482469,flat,215973,1.673284404251158,4.47e-06,515.2188960233931,322.46160397660697,451.8881021314569
94,30847,61714,94034.82450920444,29985.500511769664,0.951571187765992,6.0,2.823291,2.57613,0.6373073,0.3810347,butterfly,374068,0.4203356655561439,4.47e-06,2091.6642610800177,1868.4527389199823,1989.8256215158656
95,41960,83984,134182.38190958148,42875.125630057366,1.0155045918649173,17.0,1.7207,0.9565755,0.9844111,0.936377,beam,575194,0.5997952471358293,4.47e-06,750.7348017031791,649.8469982968209,707.023809203007
96,28250,56524,167682.10542342954,47998.30420888239,1.333990611156323,7.0,2.675561,2.578407,0.6270611,0.2446773,flat,356485,0.7495390112427301,4.47e-06,1396.0954866347786,1110.8215133652213,1278.0557537099075
97,61246,122608,168726.04086006148,56654.297873919895,0.9558190970392548,30.0,0.9506122,1.222058,0.2908719,0.3070789,beam,808470,0.7542054026444749,4.47e-06,856.6246589900169,738.1062410099831,804.816996965192
98,63028,126172,169782.42065456067,57270.383626108494,0.9491553469118358,30.0,0.9300627,1.201393,0.2993264,0.2813896,beam,835000,0.7589274203258862,4.47e-06,869.2030891673922,720.1808108326078,805.9269920252517
101,28483,56994,145593.28863595804,71414.61765957621,1.6711031667593048,8.0,0.8172499,0.9080148,0.3495609,0.2889144,flat,288833,0.6508020002027325,4.47e-06,721.5843959499415,595.9072040500586,668.4811902668018
102,54488,109792,108852.33353164943,61581.607867157225,1.0707208050218724,205.0,1.227479,0.9625123,0.5222916,0.3368638,flat,489373,0.486569930886473,4.47e-06,1867.5911054525634,1473.0628945474366,1705.346401593823
106,50866,101752,234930.7750971574,63497.10349050099,1.0821828573830412,6.0,0.8783373,0.6377039,0.3744071,0.2943741,flat,868383,1.0501405646842936,4.47e-06,997.8836371937432,553.0235628062569,866.7045196553378
107,18741,37502,285643.6943754294,47850.57114740406,1.6903605483422195,6.0,0.3819695,0.2795374,0.1657962,0.1763165,block,231319,1.2768273138581696,4.47e-06,593.5415873912452,348.01061260875474,517.489148885694
108,72149,144334,106016.574421296,63828.99583348884,0.9371403479686544,10.0,1.306946,0.8740316,0.6080902,0.3424861,butterfly,830260,0.4738940876631931,4.4699999999999996e-06,969.308553073812,618.9089469261882,850.9152853356615
112,39536,79120,130219.23154383818,49577.36459674614,1.124633957964858,13.0,1.511275,1.820237,0.7099185,0.254558,block,498272,0.5820799650009567,4.47e-06,1668.8352317312172,1264.9187682687827,1508.4032293193357
113,20830,41684,243903.1766238557,55831.89056937718,1.738332404644918,7.0,0.5978304,0.4694385,0.2346037,0.1731338,block,231495,1.0902471995086351,4.470000000000001e-06,749.6980949621699,481.52510503783003,658.6576066882399
114,29063,58146,158666.4329895637,47162.777720826496,1.3040582915580317,6.0,1.578331,1.442992,0.3801667,0.1489883,butterfly,363638,0.7092389554633498,4.47e-06,1709.0652417949045,1100.1067582050955,1500.603309821753
115,15608,31236,177391.23357520916,41756.90169697834,1.7297358180190308,6.0,1.112942,0.2867484,0.8175489,0.3722085,flat,157926,0.792938814081185,4.47e-06,966.4784176855662,249.4795823144339,870.329288650951
116,17892,35824,177142.82428419648,46207.84564644509,1.6786519346594977,11.0,1.255562,1.113364,0.385934,0.2031193,flat,194912,0.7918284245503584,4.47e-06,1185.797478829399,769.1820211706007,1042.405631376409
119,25545,51122,234602.1410306718,67086.6532992412,1.716506648391792,9.0,0.7263337,0.6151729,0.2747508,0.1904362,block,290797,1.048671570407103,4.47e-06,804.5990257093597,485.5128742906402,702.4313310572144
120,51383,102818,150628.93556897342,70460.02477832085,1.1785545052275004,14.0,0.6320509,0.5874962,0.3408341,0.2821725,arch,582373,0.6733113419933112,4.47e-06,543.3324519317904,467.3446480682097,510.62201486824875
121,16193,32422,133303.2809351965,42478.08644895965,1.71412419341235,10.0,3.740464,3.467805,0.8869408,0.2393716,beam,159462,0.5958656657803284,4.47e-06,2196.144215431481,1628.5667845685193,1974.8193970079897
122,42754,85528,135409.407102465,38721.57633613792,0.9384571790921822,6.0,1.896175,1.211215,0.8171644,0.5736915,arch,607588,0.6052800497480185,4.47e-06,922.544537964745,559.0040620352551,805.9053557147824
123,89267,178778,118886.24465482858,52468.768308786974,0.7907125324136065,62.0,2.48576,2.530945,0.5775338,0.3821937,beam,1048878,0.5314215136070838,4.47e-06,2051.963371867002,1837.746628132998,1954.1079575338204
124,47439,94906,96156.31252638908,74109.49208334042,1.2530717721171745,8.0,2.098425,0.6107695,1.817335,0.2362889,block,419466,0.4298187169929592,4.47e-06,1770.2105377276998,842.7513622723003,1534.0458510798203
125,31037,62094,108175.31650607949,33859.03273020972,1.0490847241754409,6.0,1.090611,0.9615727,0.3296412,0.2764068,arch,431861,0.4835436647821753,4.47e-06,1451.4484036234373,939.3986963765626,1275.7439504513868
127,34901,69822,223620.760228404,78212.13762813958,1.5744122767529356,6.0,0.428481,0.3125033,0.2320539,0.1809951,block,380468,0.999584798220966,4.470000000000001e-06,746.233593618315,402.377706381685,647.6679372273959
129,19285,38602,144482.0096627825,47380.22413071665,1.6381990089618417,9.0,1.474539,1.196886,0.4668513,0.21249,beam,211629,0.6458345831926379,4.47e-06,1340.8404385822478,929.4895614177522,1190.1655175365315
130,11736,23492,60391.48981725896,22396.69109360838,1.3965977347488436,6.0,11.72591,4.270118,8.388743,4.167908,beam,137020,0.2699499594831476,4.47e-06,7759.752412667453,4159.1045873325465,6726.559885199789
131,28940,57936,178798.21932062172,55817.92305295081,1.4351010959434118,15.0,0.6857955,0.4552773,0.4068385,0.2745921,block,348271,0.7992280403631792,4.47e-06,1000.6623283286852,484.8995716713147,867.4005215867753
133,41618,83216,137167.76503755216,98679.41959576236,1.6336037451856995,-4.0,1.0213,0.7277564,0.4342761,0.235067,block,344755,0.6131399097178583,4.47e-06,966.0274031784456,637.3635968215544,851.2519674732036
134,55352,110736,141589.0535964201,46733.747377266845,0.9189947043918122,9.0,1.576497,1.113703,0.6022844,0.2884488,flat,716255,0.6329030695759978,4.47e-06,1085.5467688452113,612.2879311547885,943.2509145609612
135,54887,109806,141578.5389872949,46729.99329680608,0.9250785873282746,9.0,1.590747,1.103064,0.6172579,0.2652465,flat,712802,0.6328560692732083,4.47e-06,1078.3874888966643,649.5659111033356,940.9899366245953
136,77028,154156,97114.3120477798,50727.51918641724,0.8266170159401905,26.0,4.754702,4.468507,1.016484,0.3032731,block,906038,0.4341009748535757,4.47e-06,4808.766379451868,2632.7166205481326,4171.034162080311
138,33327,66686,159953.9947215693,55326.07423232263,1.3058973714848714,9.0,1.776771,1.405468,0.6261585,0.24569,beam,382730,0.7149943564054149,4.47e-06,1201.9246743799597,819.3960256200401,1063.9947439267214
139,33797,67626,159943.96354138077,55327.69238567313,1.297423099211971,9.0,1.780051,1.404692,0.6324044,0.2385238,beam,388639,0.7149495170299721,4.47e-06,1820.5522068809432,886.1686931190566,1577.4671694576434
140,32215,64462,278930.6504281508,63239.474073979465,1.4647510348078092,9.0,0.3986278,0.3239848,0.2194425,0.1812812,block,388472,1.246820007413834,4.47e-06,755.6413613488018,404.3203386511983,655.6703630702626
141,26479,53038,86267.87150553794,43117.99375013961,1.2715478320356215,21.0,30.24428,19.42854,14.27767,2.05769,block,251932,0.3856173856297546,4.47e-06,14904.430838690194,11656.389161309806,13575.216716450608
142,196447,392966,193282.4727933788,131750.71791190075,0.830861276388301,19.0,0.6829831,0.4252734,0.3586827,0.2183996,block,2051296,0.8639726533864034,4.47e-06,785.5800182565669,478.4214817434332,686.4363298334596
146,43104,86244,217159.0088755764,53681.34160627093,1.0970296074767456,10.0,0.4477445,0.2915778,0.2786283,0.1617211,arch,560470,0.9707007696738266,4.47e-06,716.2895295968551,383.5061704031448,621.620223972652
147,28011,56102,122181.65691328996,43392.19260952347,1.3094271836215852,21.0,2.972321,3.136381,0.9396535,0.2810091,flat,329782,0.5461520064024061,4.47e-06,1689.5054047503174,1289.0605952496824,1529.5180864183985
148,50994,102032,130190.585221618,44242.2567912664,0.9451810491027132,12.0,2.490718,1.894264,0.8692326,0.2839422,butterfly,640197,0.5819519159406326,4.47e-06,1720.9133833229168,1223.5986166770829,1534.314780310416
149,29503,59034,167159.17588268887,61368.03653190212,1.5042032853696212,8.0,1.664253,1.628901,0.4051062,0.2775032,flat,311884,0.7472015161956194,4.47e-06,1061.8121345713405,944.3419654286598,1008.7070364657473
150,54692,109404,116452.95100893616,93746.7492159638,1.3614681672452122,6.0,1.578336,0.5736534,1.503388,0.2678756,block,407103,0.5205446910099447,4.47e-06,1394.5266900975578,544.417209902442,1217.9313393516934
152,25365,50750,184638.8092030519,65503.18792094884,1.7095945706383973,6.0,0.9491187,0.8622654,0.2656655,0.1824051,flat,253821,0.8253354771376421,4.47e-06,937.5664204447108,688.8438795552892,841.7799948005357
153,29826,59692,122280.50993451284,41333.39910501212,1.1961418802946024,11.0,1.63884,0.7553964,1.046479,0.3438135,beam,352346,0.5465938794072724,4.47e-06,2707.5626841627463,560.238415837254,2475.8248952409804
163,37960,75940,275068.26844471303,87775.11673679194,1.6119837997622073,6.0,0.7209166,0.4194747,0.3773559,0.1773982,block,411180,1.2295551599478671,4.4699999999999996e-06,877.0680776275689,463.6110223724312,760.5946315215418
164,45142,90304,239976.9731235218,74410.68938493835,1.3060571921273492,6.0,0.4239526,0.2526502,0.2540879,0.1688567,block,521418,1.0726970698621423,4.4699999999999996e-06,576.8117218693618,404.2963781306381,513.7196991943855
165,19496,39012,300934.23938755936,55933.02525282738,1.8176001888015807,6.0,0.4246929,0.2675837,0.2247243,0.1234181,block,216751,1.3451760500623904,4.47e-06,490.3100232886731,234.35037671132687,425.7621621739536
166,35042,70104,192281.3899157202,50358.36638759948,1.2147221191707214,6.0,1.243702,1.191774,0.2935321,0.2645719,flat,419923,0.8594978129232694,4.47e-06,1318.3675619953633,991.8874380046369,1189.7352048153407
167,33002,66024,236757.6678450882,83296.87062061121,1.6479634316365677,6.0,0.7146692,0.1954444,0.6205112,0.109463,block,368324,1.0583067752675444,4.47e-06,1056.4539708338973,619.0558291661027,919.7624312967126
169,25268,50556,224632.06248931383,67592.27630648993,1.7387275465726713,6.0,0.7000988,0.4185406,0.3643954,0.1885086,flat,270631,1.004105319327233,4.47e-06,871.0977664438135,385.75063355618636,756.6110278057807
170,25684,51428,227749.2692372752,64449.25599202081,1.6935230082008883,16.0,0.8081415,0.3868705,0.4948381,0.1786682,block,275158,1.0180392334906203,4.47e-06,554.1208454452875,394.23095455471247,494.8822123976168
171,48257,96534,188337.4531984576,74773.77676678867,1.243709962799035,6.0,0.8927762,0.53891,0.476487,0.2314773,flat,680681,0.8418684157971056,4.47e-06,909.8076771971799,464.1014228028199,788.5991165797676
173,36282,72584,267388.8685885059,48861.06352371408,1.1860279377593477,6.0,0.6207638,0.5167795,0.2767304,0.234904,flat,520566,1.1952282425906215,4.47e-06,870.3017825090747,473.7087174909254,755.4657948199441
174,15510,31040,180348.1238942031,47130.59741787635,1.8639157993265605,6.0,1.593867,1.594921,0.3111932,0.3868915,flat,154504,0.806156113807088,4.47e-06,1352.350503577482,913.2147964225182,1195.4575568437763
175,35940,71940,218265.368550418,69348.94899659527,1.4188171445722375,16.0,2.084946,9.831169,6.031146,5.092395,flat,393532,0.9756461974203684,4.4699999999999996e-06,15870.403132486837,5567.1228675131615,13948.209148636824
177,24021,48062,220926.747872502,56721.29319657172,1.6006800143290956,6.0,0.856508,0.5331822,0.3947798,0.181711,block,305330,0.987542562990084,4.47e-06,792.3012809099583,392.28121909004165,686.8072313396023
180,31030,62080,325897.97834721894,73022.27685062861,1.5986121772379565,6.0,0.3467959,0.244019,0.1625796,0.1721798,block,428120,1.4567639632120688,4.47e-06,303.976075479287,232.37622452071304,276.8204776055955
181,32668,65384,158969.315521311,75308.68332863145,1.5833171538434965,13.0,1.107978,0.7476457,0.7219829,0.4307098,block,316942,0.7105928403802602,4.47e-06,1069.9892696712757,852.7467303287242,980.5271949818627
182,34501,69054,235547.79228181968,58651.6486310681,1.3580919822385065,14.0,0.7877614,0.4014186,0.4760585,0.1953361,block,442182,1.0528986314997342,4.47e-06,729.0587450934956,370.28855490650426,632.3464277826117
183,31257,62566,235573.19600185903,58663.62130984683,1.4432502654988466,14.0,0.7850456,0.3985521,0.4768427,0.1904902,block,388794,1.05301218612831,4.47e-06,755.7743481712465,374.23715182875355,655.2842686786628
185,59297,118614,257073.4706413105,77388.30035537753,1.16080085099564,6.0,0.5239494,0.3459027,0.25842,0.1811948,block,710557,1.149118413766658,4.4699999999999996e-06,765.2664891527113,456.4354108472887,667.5560835700398
186,31396,62812,260240.5393793676,79983.980088335,1.7045253533959948,6.0,0.4975285,0.3323145,0.2428067,0.1748257,block,326129,1.1632752110257734,4.47e-06,543.7628733123599,325.2947266876402,474.87594911373446
187,24510,49040,142786.29805839254,44218.43720975115,1.3892177265253844,6.0,0.872643,0.6501129,0.3489184,0.3136281,butterfly,284448,0.6382547523210147,4.47e-06,928.0388516144499,619.8332483855502,819.4042486379175
191,31197,62414,229913.2753787248,79668.38642948367,1.6974789189928676,6.0,0.5876284,0.3401018,0.3186024,0.1844167,flat,319756,1.0277123409429,4.470000000000001e-06,677.6090652471446,353.1258347528554,587.7677428827734
192,31209,62438,229913.12536043653,79668.39463624608,1.6970728871059328,6.0,0.5879945,0.3404075,0.3186387,0.1846433,flat,328136,1.0277116703611513,4.4699999999999996e-06,654.3964524572027,337.6999475427973,567.5973575449326
193,56473,112966,220139.5272340692,74793.5261493268,1.163259548526817,6.0,0.6420345,0.3656975,0.3471469,0.1923427,flat,652917,0.9840236867362894,4.47e-06,901.6495007990553,460.3783992009447,781.53064208885
194,29906,59880,128137.5263522338,64356.16535001761,1.516549860364612,18.0,1.301566,1.031887,0.7872432,0.8473608,flat,297211,0.5727747427944851,4.47e-06,1084.3880049867512,847.7609950132488,989.2540542939412
195,45561,91142,299835.72491338634,59580.01553400406,1.123842415764219,6.0,0.380051,0.291427,0.1738216,0.1759841,flat,627002,1.340265690362837,4.47e-06,609.2997601389139,365.82223986108613,532.0707037429144
196,26459,52938,159858.0428982111,45019.88722185086,1.309977279441052,6.0,0.7227675,0.5004898,0.5045207,0.2290227,arch,324382,0.7145654517550037,4.47e-06,630.0817086686166,436.26069133138344,559.8321415216083
197,45654,91328,337167.096968505,63088.93326949651,1.158801820674186,6.0,0.4602454,0.3316515,0.235033,0.2885608,flat,653105,1.5071369234492176,4.47e-06,621.6978184106806,383.9064815893194,544.6367620213404
198,19336,38692,176666.07637660258,50651.51336914633,1.7255494329479903,6.0,0.4955256,0.451508,0.2745469,0.2263878,flat,209990,0.7896973614034136,4.47e-06,655.147409603131,407.64479039686887,573.8850924015015
199,51796,103612,209506.14904120905,53973.011995861496,1.010287117148362,6.0,0.5661752,0.364007,0.2864498,0.1906662,flat,700683,0.9364924862142046,4.47e-06,603.5632503441564,337.31064965584375,524.8233506193013
200,20218,40456,211965.82063005213,54233.31580638552,1.7291963093229703,6.0,0.8261831,0.8784966,0.1894987,0.3430009,flat,233956,0.9474872182163332,4.470000000000001e-06,962.427936055978,664.826763944022,854.6447872653468
202,15967,32006,93069.5311172004,36183.561622739726,1.567042647508784,19.0,1.266683,1.105127,0.4085709,0.3464292,arch,171243,0.4160208040938858,4.47e-06,788.4321652197885,722.9179347802116,758.7841428134025
204,44232,88492,67822.4579755766,63033.23723626621,1.167005721139177,8.0,17.3943,5.86068,11.31549,1.172027,flat,384096,0.3031663871508274,4.4699999999999996e-06,5176.854808877984,1972.7761911220155,4525.647660093635
205,20011,40050,193064.41692669623,56498.99185864726,1.781978639213425,8.0,0.7501809,0.9525217,0.2603402,0.2382204,flat,218847,0.8629979436623322,4.47e-06,987.7419666332146,711.3932333667854,883.260679954242
206,21701,43422,204011.32389815745,54180.32657360744,1.6699963498762134,6.0,0.7152556,0.6997947,0.2051936,0.1166436,flat,237198,0.911930617824764,4.470000000000001e-06,943.9287956229241,592.785704377076,826.7791653306402
207,38777,77582,151127.0394929298,54671.86513130024,1.1913026060935623,8.0,0.9312342,0.6065276,0.4696598,0.2645646,butterfly,460262,0.6755378665333962,4.47e-06,1156.0188175624858,513.102982437514,1004.1134989131655
208,44354,88728,209996.00811771204,53949.804852270085,1.0825653631617491,6.0,0.6969683,0.5017601,0.3030898,0.2679689,flat,556579,0.9386821562861728,4.4699999999999996e-06,719.6012290144786,416.4318709855215,627.0239037785323
209,32659,65338,314065.8571252596,68356.73106705426,1.5294029615720528,6.0,0.3483807,0.2399208,0.1899914,0.1708933,block,405046,1.4038743813499104,4.47e-06,577.0499537494702,290.5581462505297,500.65028724590775
211,35123,70274,322314.1428047356,70288.5990925553,1.4837705038355642,8.0,0.4071012,0.254028,0.2171072,0.1614228,block,458237,1.440744218337168,4.4699999999999996e-06,533.2741469108029,286.31435308919714,463.27569022815135
213,31156,62332,166104.31534794136,64287.12336378216,1.5168951578557266,6.0,1.136659,0.6262053,0.5921749,0.2031753,flat,315422,0.7424862896052979,4.47e-06,1039.1526475634678,463.5713524365325,902.196999728441
214,23238,46496,366828.3549824237,54663.40434605303,1.5948680936420665,6.0,0.3548719,0.2096494,0.2215371,0.1792514,block,297466,1.639722746771434,4.4699999999999996e-06,621.1296350446135,326.9411649553865,539.065068431669
217,55765,111606,209578.65913941705,61448.98248015432,1.0363554345469823,20.0,0.7203012,0.3281083,0.5011595,0.1731003,block,721187,0.9368166063531944,4.470000000000001e-06,835.8105106708695,381.34518932913056,725.3753645095138
220,79289,158962,132493.01232177965,83990.81688559282,1.0307581879297594,97.0,5.821193,5.021454,1.803465,0.3698632,block,759965,0.5922437650783551,4.47e-06,4242.878359149273,3582.6316408507273,3954.6153021871796
221,28912,57896,156612.6115947671,46436.63928395021,1.2636398727245457,19.0,1.542481,1.479916,0.482741,0.3820052,other,383431,0.700058373828609,4.47e-06,1529.6570476109557,1170.4119523890442,1385.9394709802443
223,21768,43564,177375.9434675952,46853.873565290174,1.4959614329638278,8.0,2.080375,1.943606,0.6619168,0.4254426,flat,271093,0.7928704673001506,4.47e-06,2072.8550743299347,1740.2299256700653,1928.563795456868
225,18190,36400,277422.2666089026,49236.34994856915,1.7520300110509803,6.0,0.798806,0.5945102,0.3726833,0.2045109,flat,215219,1.2400775317417947,4.47e-06,1009.8509752963762,679.0574247036236,892.2517235808289
228,13179,26378,165645.22477194705,42214.82472763317,1.9208333476982884,6.0,0.8407053,0.414783,0.5190238,0.1446813,arch,130734,0.7404341547306034,4.47e-06,783.9431020252755,492.00749797472463,686.7381772512434
229,21455,42930,167859.98501299488,52695.07950750088,1.6584364362754056,6.0,3.074259,2.889285,0.7146143,0.3357922,flat,233119,0.7503341330080872,4.47e-06,1534.191639801527,1153.2353601984732,1383.9739192300553
230,45524,91104,147272.5438031312,108430.16390451182,1.6282708674850217,15.0,1.529611,0.6787544,1.285059,0.3107675,block,362095,0.6583082707999965,4.47e-06,1416.5241322056029,1281.9608677943972,1355.4357291671931
233,45816,91308,356115.3416514155,123904.23418323405,1.7514302092091687,-80.0,0.2890284,0.222412,0.1411676,0.1671259,block,527137,1.5918355771818276,4.47e-06,462.97426653608466,270.9280334639153,404.02041113566275
234,42856,85804,139607.12179273684,51017.98939995533,1.0852677975095446,24.0,1.622845,1.342928,0.5722948,0.2221614,beam,577001,0.6240438344135337,4.47e-06,2353.9331601651916,1150.6378398348083,2039.032927286119
235,53439,106906,142061.53534636326,44046.1525546692,0.9111844036396566,8.0,1.168115,1.11226,0.4371251,0.6223174,flat,749645,0.6350150629982438,4.47e-06,1335.6362013542125,758.8434986457872,1161.0961831611064
236,15182,30384,52057.541203689485,29937.511369187087,1.4494915590373396,6.0,32.47631,29.41071,6.704006,1.741156,beam,148667,0.232697209180492,4.47e-06,7843.470956226483,7607.118043773517,7728.265984303917
237,47478,94976,251062.2582439223,85321.2853846365,1.334117795929698,6.0,0.458061,0.233478,0.3235666,0.1916095,block,558411,1.122248294350333,4.470000000000001e-06,713.1065560664058,344.81804393359425,618.4988926004962
238,37709,75438,285017.77981504134,53821.78807401307,1.2188981879246297,6.0,0.3660431,0.2457401,0.1936065,0.1719923,block,564406,1.2740294757732349,4.47e-06,556.5462154898706,298.2896845101294,483.353832950014
240,17573,35174,159315.86909008014,43100.87319009568,1.6346660759762992,8.0,2.264069,2.366219,0.5903288,0.3896121,flat,197094,0.7121419348326583,4.47e-06,1567.6415994113163,1151.8664005886835,1407.102746455638
241,25928,51876,198908.2311024236,45302.27087607305,1.3634091847653655,6.0,1.359764,0.9622061,0.6255444,0.4024016,flat,320857,0.8891197930278335,4.47e-06,1147.0193063644679,614.7359936355322,994.734651717125
242,32522,65072,198516.1655788193,48072.1179155355,1.244513426167077,8.0,1.689558,1.116732,0.7626888,0.3165019,flat,408954,0.8873672601373223,4.47e-06,2092.5506621455434,1013.9593378544569,1812.7807100562386
245,107658,215604,159876.02831888327,106895.92223991056,0.9933869661629636,73.0,3.719538,2.450361,1.705823,0.397643,flat,851884,0.7146458465854083,4.47e-06,3261.326606994272,1674.6223930057286,2825.009790171886
246,21131,42310,94207.17152507296,49374.52880780206,1.591544975265761,13.0,15.19392,8.816358,8.881372,1.814512,flat,194075,0.4211060567170762,4.47e-06,7373.020889010237,4620.695110989764,6453.538915155856
247,25389,50798,165685.35977932677,45730.26883653799,1.3957722342759833,6.0,0.8237563,0.4253905,0.5011492,0.2631921,beam,291441,0.7406135582135908,4.47e-06,633.0564340881907,504.8791659118093,580.5317018860468
248,16283,32586,355289.63345710456,46237.40123698925,1.7854168233474528,6.0,0.4596581,0.3774944,0.193701,0.1850583,block,193953,1.5881446615532575,4.47e-06,817.2719759627897,540.0859240372102,720.6745977274834
249,17369,34758,131339.5919705762,41010.183403580486,1.6391046910016862,6.0,1.317854,1.152475,0.3994386,0.4145726,flat,194742,0.5870879761084757,4.47e-06,1088.6671254003486,944.4568745996513,1024.856186775003
252,16219,32458,354432.24121542217,46163.89961415446,1.7902158280087646,6.0,0.4742419,0.3964656,0.2165753,0.1838459,block,193618,1.5843121182329372,4.47e-06,819.5039299483891,562.8543700516108,726.7207569218934
254,31729,63574,130329.18243946244,62146.45763099095,1.4362377334227114,30.0,1.30622,0.7594011,0.6572717,0.2316387,block,345384,0.5825714455043972,4.47e-06,1214.8730817069063,770.5923182930937,1065.4479671968784
255,34659,69338,158133.4786090337,48757.4975186462,1.208487051038263,6.0,0.9631003,0.7284831,0.3544339,0.204898,flat,402134,0.7068566493823807,4.47e-06,1060.8623357256492,662.8286642743508,928.7448404039724
256,49464,98948,165226.77253508777,43711.34670218348,0.93119200991437,6.0,0.6728474,0.5194606,0.2624501,0.1950532,butterfly,700746,0.7385636732318425,4.47e-06,682.4319809110265,468.7196190889737,605.3772849573314
257,49113,98246,165210.96098098558,43707.93760396659,0.9381531179044044,6.0,0.6730908,0.5190626,0.2625405,0.1974495,butterfly,698018,0.7384929955850056,4.47e-06,720.5783210706064,488.52517892939346,637.8351950239733
258,51674,103368,147097.9025798108,48267.50387533924,0.962009018578354,6.0,1.467373,0.9663056,0.6234431,0.2575271,flat,633885,0.6575276245317543,4.47e-06,1058.4813544519561,530.9048455480438,917.2646719720759
259,51998,104016,147089.4917799348,48267.99662816287,0.9584326177402738,6.0,1.475869,0.9582818,0.6358202,0.2534066,block,636358,0.6574900282563085,4.47e-06,1085.7811990308123,536.0837009691877,940.8915272200137
261,38186,76404,190783.0644977915,48405.22686988823,1.1166610374806047,9.0,1.098115,0.9827191,0.2778945,0.2136141,flat,554160,0.852800298305128,4.47e-06,770.4925601523911,670.7990398476089,726.2715711431297
262,38658,77348,156886.98771876015,45398.13595876179,1.0718594041952023,9.0,1.48718,1.397577,0.364809,0.3296258,flat,526891,0.701284835102858,4.47e-06,910.4614847242747,865.1674152757255,889.3842276396687
266,15576,31172,142361.70054896042,45414.466175386144,1.8286792178033164,6.0,4.944237,2.204192,3.130641,1.759051,butterfly,148566,0.6363568014538531,4.47e-06,1618.2819571447033,1100.773042855297,1432.1607092896386
267,17283,34586,162175.1140246939,46715.14017823905,1.7523911145779096,6.0,0.952322,0.3784575,0.7145488,0.1881966,block,176805,0.7249227596903818,4.47e-06,796.1131821619869,582.980717838013,714.4728880551801
268,14850,29724,114949.45238728724,40880.83968339803,1.7693989669799122,7.0,1.657627,1.186607,1.744372,0.7128534,flat,143809,0.513824052171174,4.47e-06,2198.213085868316,1052.8429141316842,1905.683204919433
269,52632,105308,143287.11112888058,57536.02805980552,1.0660710691825968,12.0,2.194019,1.874961,0.6741613,0.3268635,flat,693003,0.6404933867460962,4.47e-06,3128.688627109395,1521.1853728906049,2710.0492530601728
270,64210,128440,97991.63217824908,42192.19955065573,0.8187626935468106,6.0,4.203918,3.299637,1.383612,0.4345464,arch,813880,0.4380225958367734,4.4699999999999996e-06,7062.8622060479265,4383.834793952074,6175.841649663873
271,20134,40304,224108.68689999887,43251.97392412054,1.4812508234903172,10.0,0.2989962,0.2176644,0.1452333,0.1696861,flat,228641,1.001765830442995,4.47e-06,348.87276747229464,255.97353252770537,314.6074572318495
275,53730,107492,124773.3504462832,59353.74652109193,1.048328025541398,9.0,1.100473,0.7671265,0.4899016,0.2246894,block,709795,0.557736876494886,4.47e-06,1324.3531295476805,1146.0788704523193,1245.2072941273673
279,11319,22674,104803.6974903254,35070.26910953331,1.888797521662753,10.0,1.771454,2.610341,0.6139008,0.4266988,beam,102770,0.4684725277817546,4.47e-06,2055.308434168309,1274.472565831691,1797.3876350000296
280,22637,45294,237919.80642606763,56369.07323888151,1.6306730747622122,6.0,0.6369593,0.6552311,0.2161268,0.1959465,flat,298914,1.0635015347245225,4.47e-06,791.6552417723233,459.8972582276767,689.2365643944538
281,308930,619300,157133.2499849691,133063.18280864725,0.6952361201643559,361.0,2.140411,1.323296,1.271203,0.4294983,block,3020741,0.702385627432812,4.47e-06,3150.053127574055,1294.620872425945,2743.200549477198
282,58623,117226,122229.448521868,127342.88246375496,1.562203625440323,-4.0,0.8553409,0.6194211,0.4960758,0.3769149,block,315081,0.54636563489275,4.47e-06,732.8430147679923,572.1447852320076,668.3201612021066
284,34692,69368,378010.1916909661,78944.79603856694,1.576781552412096,-3.0,0.2692679,0.2154864,0.119032,0.1519254,block,467501,1.6897055568586186,4.47e-06,554.7996099281173,307.9934900718828,482.3521179084529
285,32692,65472,191632.0817336815,46318.286698775046,1.1978153276217696,23.0,0.622995,0.3896522,0.3107042,0.1756474,arch,416762,0.8565954053495564,4.47e-06,855.7595472242482,579.9054527757518,757.1868635444291
289,34582,69184,292597.53697927203,47017.3156476447,1.1459502574366962,6.0,0.2732325,0.2407945,0.1415006,0.1700354,flat,468719,1.307910990297346,4.47e-06,503.43246798837015,335.50103201162983,445.05499317215845
290,28879,57778,275000.10318770783,45523.18148325169,1.2465702182920937,6.0,0.2813661,0.2629905,0.1433292,0.1686789,flat,383200,1.2292504612490542,4.47e-06,528.5091666244589,329.0724333755411,463.2663123856406
291,34922,69864,257165.0956523749,48264.36036180057,1.1534013421629692,6.0,0.5529662,0.5967259,0.1783509,0.1882942,flat,455701,1.149527977566116,4.47e-06,822.824874880557,507.58542511944296,719.8564670827026
293,36388,72808,145496.3036476466,43295.47508696051,1.0853451858336178,9.0,1.470153,1.138746,0.5088692,0.2996038,flat,483403,0.6503684773049804,4.47e-06,1041.2128067333067,900.6874932666933,979.0735367574235
295,20263,40546,95027.69756029383,35614.53386108298,1.3790707669790088,6.0,3.290421,3.225575,0.7095117,0.778734,beam,224017,0.4247738080945135,4.47e-06,2374.2954697035366,1930.2915302964632,2186.8819153760905
296,50033,100094,125562.27211918271,44507.72524092964,0.9431662947730248,8.0,1.544969,1.186117,0.6963984,0.2643672,arch,610285,0.5612633563727468,4.47e-06,1386.6148905782136,1265.7981094217864,1330.6884615863326
297,14950,29920,163058.1890155358,40693.503601405086,1.7210877008956815,6.0,0.9278451,0.7127613,0.4060957,0.4178403,flat,185362,0.7288701048994451,4.47e-06,1809.9609647220855,635.4074352779143,1591.6826094033192
302,28135,56306,191366.7524591725,44857.79927336983,1.3040327166759298,10.0,0.8870167,0.8133544,0.2993334,0.1378327,flat,372831,0.8554093834925012,4.47e-06,1221.5001949797697,844.1470050202306,1083.7155074079362
306,54605,109230,119837.53262532482,49863.11571572944,0.956874595446712,6.0,0.8717233,0.5628148,0.5211432,0.3384041,flat,641437,0.535673770835202,4.47e-06,855.462611111114,507.483088888886,745.9853500583172
308,49320,98660,111082.41763744965,37714.39341812295,0.8805637788183729,6.0,3.75937,5.955966,2.352173,0.5770165,flat,644993,0.4965384068394,4.47e-06,3055.361010702637,2929.036989297363,2994.790723638131
309,48201,96422,112630.8068348422,37863.30724180728,0.8952053934719711,6.0,3.480072,5.092356,2.01304,0.5697177,flat,637735,0.5034597065517447,4.47e-06,2777.741908120289,2489.539091879711,2646.0655620575617
310,24005,48030,120874.51394662033,64869.88366006765,1.7369255843325175,6.0,0.8732155,0.5812249,0.4364776,0.3754287,arch,233700,0.5403090773413929,4.47e-06,821.1073290316816,649.5264709683184,751.1200594218809
311,23483,46986,235442.3753709609,48414.01639731873,1.4975151421079846,6.0,0.9912639,0.8680817,0.2797537,0.3346863,flat,309969,1.0524274179081952,4.47e-06,1176.4168998781154,709.9106001218847,1026.9342386434735
312,38226,76472,123949.41373787478,47748.446854819726,1.1056672473231075,6.0,2.403704,1.206253,1.469867,0.3563106,arch,435012,0.5540538794083003,4.47e-06,1739.7153832347078,1130.8766167652918,1529.4176752225012
316,57489,115026,100569.88685726456,67679.92813309208,1.0934462569590486,13.0,1.293694,0.8375552,0.6981165,0.2800864,block,569217,0.4495473942519726,4.47e-06,1104.676854646128,658.6565453538718,963.3035450026953
318,27361,55010,134599.62569289884,55323.14246651078,1.4667182960081628,73.0,2.164655,2.029508,0.7165384,0.5143748,flat,301454,0.6016603268472579,4.47e-06,3372.6171227796535,2185.970877220346,2963.5382946422337
319,34293,68606,178480.58833962775,58862.87235186711,1.296423375921617,6.0,0.8362415,0.4983049,0.4848632,0.2071774,flat,442395,0.7978082298781362,4.47e-06,802.171241553461,411.53225844653906,695.4245077793635
320,41087,82194,126256.00596293832,42007.79288108746,1.014577163206272,6.0,0.6157697,0.4243356,0.4540232,0.2325185,block,548295,0.5643643466543343,4.47e-06,840.3792980610262,552.8045019389738,740.4459477700517
321,24303,48626,166045.7709185421,45626.55690258305,1.459303528912921,6.0,0.4111013,0.3162469,0.2824826,0.1968237,block,272483,0.7422245960058833,4.47e-06,634.636452577207,341.9038474227931,551.0437695604497
322,17104,34228,115691.89647017707,33522.39671450241,1.4787762200223418,6.0,1.258506,1.108969,0.3432556,0.4054727,butterfly,177953,0.5171427772216916,4.47e-06,1410.0478092270469,887.1415907729535,1235.2729463327369
323,19240,38508,113769.6633199028,33618.981956635434,1.3789356720162145,8.0,1.267838,1.154967,0.3443564,0.4434206,butterfly,209400,0.5085503950399656,4.47e-06,1319.9807591804874,857.7381408195124,1160.8375083215608
324,26495,53094,108644.48513577496,56622.074196041256,1.5204266206493326,27.0,0.9586688,0.8429097,0.4142107,0.412379,arch,249552,0.4856408485569141,4.47e-06,1586.7014744677617,927.4937255322384,1381.325111557102
325,56889,113798,150771.30469893344,78292.71337223951,1.173693154491608,6.0,0.952305,0.684612,0.6410376,0.2259017,block,538189,0.6739477320042325,4.47e-06,990.7519496276856,874.7545503723144,938.6705304637351
329,20413,40846,312568.6578050684,49263.53237672868,1.6298875347192043,6.0,0.3365807,0.2614651,0.1430147,0.1747692,block,246471,1.397181900388656,4.47e-06,590.5105404859642,332.7952595140358,513.7110036910246
331,42264,84548,355166.27919474395,60111.26315712631,1.186737683392459,6.0,0.3225254,0.2691086,0.1511562,0.09422731,block,586794,1.5875932680005056,4.47e-06,636.9369537561117,333.9780462438883,552.3688374057682
332,70760,141540,237291.7119023809,61311.19485582056,0.9191522669363696,6.0,1.135088,1.275693,0.2873992,0.1972927,flat,1021944,1.0606939522036427,4.47e-06,1300.9897089607878,952.062791039212,1166.7780452068635
335,31934,63924,160036.7213670966,76243.09315133619,1.599260315880226,15.0,0.7315121,0.5184712,0.6045513,0.2690755,block,296250,0.7153641445109218,4.47e-06,653.8636637319667,576.6072362680334,619.6041398546897
336,31934,63924,160036.7213670966,76243.09315133619,1.599260315880226,15.0,0.7309631,0.5185261,0.6039966,0.268773,block,296070,0.7153641445109218,4.47e-06,653.7361087195897,572.0590912804104,617.7320269899238
337,42820,85680,126741.91388864005,37080.17876018041,0.9398221549850736,11.0,1.077461,0.7637237,0.4301676,0.466491,butterfly,598078,0.5665363550822211,4.47e-06,1310.565608234602,878.2046917653981,1157.4791952376897
339,14720,29460,96730.02645240456,34061.21824714015,1.5923908771233823,6.0,2.177333,3.246701,1.047281,1.70267,flat,148294,0.4323832182422484,4.47e-06,1575.866573792619,1505.544426207381,1544.2602488120322
342,45218,90480,164182.4233599321,42940.87076586608,0.9749776327290048,12.0,0.7365363,0.6074721,0.2737251,0.2079958,arch,633632,0.7338954324188965,4.47e-06,986.7591339254635,713.5778660745365,883.176682788178
345,34632,69312,194246.6595591273,57676.837010489005,1.3451383874594651,13.0,1.150319,1.027054,0.3563221,0.1945542,flat,439357,0.8682825682292991,4.47e-06,1467.7968564888763,1026.075143511124,1305.3816525763646
348,16442,32904,256150.02682925208,46808.012079466665,1.782161484018836,6.0,0.3608078,0.2364168,0.1916051,0.1514152,flat,197162,1.144990619926757,4.47e-06,500.5861008200413,309.42499917995866,438.6676900752892
351,19987,39994,178069.77509651604,55500.99556458634,1.7539100687877518,6.0,1.771523,1.069471,0.8296214,0.2275451,flat,190859,0.7959718946814267,4.47e-06,1580.8561145500532,739.3024854499465,1370.364885852363
356,37346,74720,152162.84276355233,40332.35599700752,1.018391956479784,8.0,0.4234447,0.6168718,0.3195722,0.1890565,flat,480303,0.680167907153079,4.47e-06,688.7729575471383,532.7439424528618,626.6159769028156
357,35551,71126,208804.6337554932,48578.64460534093,1.2047396360153433,7.0,2.760831,1.487109,1.346834,0.642288,flat,439409,0.9333567128870548,4.47e-06,984.0529101736901,707.1808898263099,879.9005380746395
361,31952,63928,109599.15611892268,43552.64191236792,1.1818868340947546,7.0,1.087524,0.5473148,0.7276161,0.2096473,flat,373156,0.4899082278515844,4.47e-06,873.1799946715147,527.8342053284854,762.3616257479978
362,32699,65414,289097.2459305024,54163.04051374482,1.285614124646511,5.0,1.652304,0.8114655,0.9475518,0.3814609,other,430107,1.292264689309346,4.47e-06,1960.921239523073,660.677160476927,1728.7903423612595
364,79513,159054,104421.01460352234,75654.31039711449,0.9735913553738444,8.0,0.9857747,0.7249834,0.8514802,0.4816047,block,825015,0.4667619352777449,4.47e-06,979.2013310315488,620.6500689684513,859.7004268730882
365,53009,106194,125169.18066793193,46601.87365398818,0.9559051016760766,45.0,1.440166,0.8988599,0.9487884,0.6095687,butterfly,665095,0.5595062375856558,4.47e-06,2006.4277062119131,812.8356937880867,1748.6738947660765
366,29997,60014,259886.75840306823,49692.327047807565,1.2845996367930448,6.0,0.9306367,0.7336534,0.3689364,0.2891013,flat,617630,1.1616938100617151,4.47e-06,1050.4573979460426,525.5974020539572,910.3918610228454
369,23899,47818,77887.7949346765,29108.71312882254,1.086002147627106,6.0,1.674785,1.833987,0.5883902,0.6311432,butterfly,284672,0.3481584433580039,4.4699999999999996e-06,1508.2675804822868,1122.7634195177131,1357.8745189563724
371,19664,39364,205409.30072775536,50235.36097590951,1.683577277772892,10.0,1.109831,1.216448,0.3337808,0.2412811,flat,234617,0.9181795742530664,4.4699999999999996e-06,1149.3109259676705,712.4815740323295,1005.5551777492124
373,26002,52020,44375.91042839897,24680.132916120525,0.9598773891858728,5.0,2.775268,4.599846,1.189664,0.3045516,arch,268499,0.1983603196149434,4.47e-06,3750.0055230625794,3434.8954769374204,3602.9757757757684
374,11048,22116,106648.8121160826,34359.86735838637,1.8937678986140696,6.0,3.390026,2.462731,1.265388,0.4114094,arch,102080,0.4767201901588893,4.47e-06,2161.189032935683,1368.613967064317,1894.0552438044144
375,50685,101390,149264.30089561903,79668.31296277524,1.2840306100375396,6.0,0.7296575,0.3824878,0.4688163,0.2077289,arch,526857,0.6672114250034171,4.47e-06,738.6015814392829,441.54141856071715,644.513913961002
377,25401,50858,325282.32070649695,67656.33626260677,1.727982633149175,15.0,0.2892611,0.2329835,0.1229329,0.176126,flat,311037,1.4540119735580417,4.470000000000001e-06,527.8585052118214,336.01769478817863,463.83043403770955
378,91801,184338,131175.4775356517,82655.41009871861,0.961892857649661,185.0,1.024383,0.6592115,0.5910777,0.3031147,arch,952665,0.5863543845843632,4.47e-06,1851.952986988259,809.325413011741,1608.595924521991
379,18050,36140,124102.9053720325,42757.883686984336,1.58538550233275,11.0,1.602274,1.131814,0.7782905,0.8056713,flat,198189,0.5547399870129853,4.47e-06,840.7445718508236,643.2308281491764,762.7104940044879
380,64351,128722,230898.5571846606,95742.08301629731,1.2175665882970923,6.0,0.5257752,0.2700819,0.3503347,0.167727,block,873238,1.032116550615433,4.47e-06,567.714358597946,327.5427414020541,494.48906363535485
382,17145,34310,382149.71600892727,52551.79639485564,1.858256275662529,6.0,0.3136057,0.2403487,0.1495784,0.1560151,flat,210931,1.708209230559905,4.47e-06,529.3074226469108,304.16057735308925,461.0882990440335
383,17054,34128,315176.63703697035,54985.81737933466,1.9276622208185976,6.0,0.4490736,0.3010772,0.2130696,0.1474159,flat,197733,1.4088395675552576,4.47e-06,668.7851975399188,413.50500246008113,585.3183538502872
384,38938,78060,288061.78310348344,110118.1684369506,1.7846131604811857,47.0,0.4422526,0.3063841,0.2319034,0.1832577,block,372360,1.2876361704725712,4.47e-06,661.4073019571115,362.3951980428885,574.5305388462566
386,17054,34128,315176.63703697035,54985.81737933465,1.9276622208185976,6.0,0.4489399,0.3010335,0.2128863,0.14685,flat,195958,1.4088395675552576,4.47e-06,682.5226402443998,420.43395975560026,597.1141100335514
387,17750,35520,365546.4019588387,53161.90502557306,1.8416650187698271,6.0,0.4237574,0.2537861,0.2667746,0.2614221,flat,223526,1.6339924167560091,4.47e-06,655.0973799610538,308.5073200389463,568.4962370087686
388,58010,116048,89373.2321104355,47050.79803409335,0.891361017979258,8.0,2.335581,1.450561,1.125733,0.3635424,flat,745239,0.3994983475336467,4.4699999999999996e-06,2031.384837489667,1144.512162510333,1764.3442763448973
389,81225,162470,101478.83501658554,48564.53239313548,0.7844090311363846,6.0,1.644225,1.358507,0.5639196,0.4907703,arch,1026655,0.4536103925241374,4.47e-06,1878.4254368896222,1247.7645631103778,1656.3681710634264
390,84336,168692,101473.70168585892,48611.04055170764,0.7699468323128122,6.0,1.640495,1.362785,0.5627475,0.4761358,arch,1080351,0.4535874465357894,4.47e-06,1808.5427050497299,1258.5112949502702,1606.4405030068808
393,30676,61372,152210.73859771813,50110.234013525565,1.3083482213605473,6.0,3.024178,2.733345,0.744457,0.2956052,flat,407779,0.6803820015318001,4.47e-06,1602.722162654547,1259.712837345453,1462.129637393005
394,165764,332036,200334.59355769225,239740.7267399656,1.253878564750267,128.0,0.6989869,0.3952217,0.4487845,0.2296789,block,1316240,0.8954956332028844,4.47e-06,1124.7409885374695,515.1461114625305,975.7498965429666
395,41031,82082,118451.43468505266,77354.35936182116,1.4008639638164957,6.0,0.9265122,0.549694,1.092425,0.2708572,block,352721,0.5294779130421855,4.47e-06,676.7484321279534,450.6804678720465,597.8622426495169
398,31487,62998,65265.09423945746,28684.20613081456,0.9441532819016584,7.0,10.87558,11.32561,2.172518,0.7909753,butterfly,373092,0.2917349712503749,4.47e-06,4342.029466156549,2948.591533843451,3840.1960778216785
400,40790,81600,88865.29316641095,41446.50988273943,0.9896740147614642,6.0,1.568379,1.614112,0.4737142,0.5990059,beam,485177,0.397227860453857,4.47e-06,1419.2068044744226,964.5380955255771,1256.0956821603638
403,26696,53412,329584.6096226101,75641.59523347286,1.7947769959922943,6.0,0.3227833,0.1958763,0.2001556,0.1668062,block,307733,1.4732432050130673,4.47e-06,543.0947922039842,277.68230779601583,471.4423491062403
406,39944,79908,104303.46492567264,35808.012523002355,0.9352737897974056,6.0,2.49966,4.501577,2.028069,0.6583028,flat,503855,0.4662364882177567,4.47e-06,2075.5754770600156,1750.869522939984,1934.3194126066664
407,12930,25880,213044.9212505238,40202.99348835258,1.8855083830741028,6.0,2.224584,1.696732,0.8617464,0.5687086,flat,144124,0.9523107979898414,4.47e-06,597.2571015750682,489.07129842493197,552.327633442389
411,18917,37854,463447.0885232485,53981.05035209836,1.8007998824098308,6.0,0.2275427,0.1809143,0.1139456,0.1707577,block,237124,2.071608485698921,4.47e-06,438.832171671527,270.9389283284729,384.77129488696266
412,37772,75592,354376.85156926565,61357.217597986935,1.2629102057871182,13.0,0.7178596,0.6098474,0.2542319,0.3966662,other,601132,1.5840645265146176,4.47e-06,559.7186898669249,516.343910133075,540.4986195333065
413,37773,75594,354373.43182877667,61357.69376371445,1.263664112447546,13.0,0.7189599,0.6102877,0.2546302,0.3991471,other,607793,1.5840492402746318,4.47e-06,553.9965391628537,509.49106083714634,534.3675390021273
415,23143,46326,115443.5408880028,37160.75172600907,1.2745344938177623,11.0,1.37742,1.033991,0.7759161,0.8086874,arch,301845,0.5160326277693725,4.47e-06,770.3291101400713,600.0521898599287,702.4656629561974
416,21790,43604,178271.98341671325,55536.49036267856,1.6874907715115477,7.0,1.808012,1.651725,0.457727,0.2224564,flat,226199,0.7968757658727083,4.47e-06,1451.212185991817,939.0701140081828,1275.2958923109138
417,18037,36094,242307.74846311603,44004.97370740044,1.650717939021407,6.0,0.4594259,0.4039926,0.1663279,0.1822153,arch,220815,1.0831156356301288,4.47e-06,802.2286828186715,476.1305171813284,699.5780874785817
418,85332,170684,90158.82064365844,95704.45222157384,1.0459321119206482,6.0,7.591244,3.28049,4.943811,1.893163,flat,461100,0.4030099282771532,4.4699999999999996e-06,5455.276771242672,2032.864228757328,4775.935196607153
419,83868,167756,114650.7272674184,112098.61529809366,1.131607504234563,6.0,4.188571,1.409039,2.848556,0.9895527,block,463179,0.5124887508853603,4.47e-06,2559.34168148536,1808.1583185146403,2279.2582576581794
420,36274,72576,195129.0200576445,49310.04452075585,1.1461957644021454,8.0,0.5213205,0.6112541,0.2154832,0.2088428,other,493966,0.872226719657671,4.47e-06,536.7357372844497,415.60316271555024,488.7599057610699
421,16475,32970,263907.6409787912,43966.5989668318,1.718791040954594,6.0,0.5845137,0.4937318,0.199273,0.2462165,flat,201247,1.179667155175197,4.47e-06,741.057862293374,408.3121377066259,643.7643226741211
422,17622,35292,104505.48655226048,43251.226679013846,1.639764403933628,13.0,2.085291,2.440661,0.7702944,0.5027558,flat,171267,0.4671395248886044,4.47e-06,1430.7851141867272,1353.586885813273,1394.6012642486742
424,40477,80974,362313.7921067955,56755.05606988915,1.1638766750993912,6.0,0.2907481,0.2019423,0.1604398,0.1663766,block,561561,1.619542650717376,4.47e-06,598.5126912398217,368.3587087601783,523.8261611192399
425,44852,89748,132636.10009956933,82804.74424829082,1.3765084353123709,12.0,0.8791569,0.5742525,0.5079546,0.3504729,block,396728,0.592883367445075,4.47e-06,961.482958124052,686.1354418759479,858.3423971426786
427,23583,47198,121446.33063113887,46605.797527265175,1.4134140990000694,9.0,4.393952,5.290738,3.180482,0.6986946,flat,279104,0.5428650979211909,4.470000000000001e-06,3830.725188443721,2418.069811556279,3356.0363820127163
428,118959,237946,195080.50289474905,128480.04969628766,1.0169763375638936,8.0,0.4700872,0.3414671,0.2501712,0.1949195,block,1269918,0.8720098479395283,4.47e-06,602.029727935082,407.53877206491813,532.9789482564298
432,23134,46292,313932.28678106074,64280.48875672656,1.7665220723956157,7.0,0.5787949,0.5413878,0.1766424,0.1721481,flat,264438,1.4032773219113417,4.47e-06,786.593000836707,453.1309991632929,684.515839089228
433,14704,29436,195018.79155102503,46716.06173451255,1.9065090300471408,8.0,1.014382,0.9007164,0.4104436,0.3602189,flat,145619,0.871733998233082,4.47e-06,1099.930136405909,1044.455863594091,1073.9419723881733
434,28219,56470,367319.0373261089,61235.82649755807,1.5047332669960527,9.0,0.3309185,0.2862085,0.1406837,0.1511133,flat,373364,1.641916096847707,4.47e-06,559.1811771158918,333.0085228841081,488.1358652447185
437,21630,43280,182883.78822273857,56663.9667569677,1.7175413083993,6.0,0.9001742,0.3462728,0.6390502,0.1901779,block,231441,0.8174905333556415,4.47e-06,821.7959766741976,509.7364233258024,719.165564866283
438,26726,53524,242339.3119964925,67380.46481357297,1.6607933173736584,19.0,0.9923626,0.7375959,0.3824511,0.214028,flat,329492,1.0832567246243217,4.47e-06,787.1928643760199,400.60723562398005,682.4597072049089
439,34673,69374,221825.1583374592,55038.999142322216,1.212104380964341,8.0,1.092176,0.986748,0.4487073,0.4032013,flat,516014,0.9915584577684428,4.47e-06,1179.04690722353,558.06519277647,1022.1265259496058
440,12406,24832,122840.50343166906,37133.078196895214,1.842276298095044,6.0,1.599072,1.962117,0.5152422,0.469818,flat,121370,0.5490970503395607,4.47e-06,1316.6984671950706,1063.3905328049293,1210.7474306390247
441,30363,60774,106021.24922365347,64590.61975861547,1.5135851622038876,13.0,1.182144,1.191282,0.8176152,0.2613204,butterfly,252102,0.4739149840297311,4.47e-06,967.4655262250071,887.5154737749929,930.8033159885712
446,39634,79268,161340.29609137314,58742.75481297778,1.2270118626748243,1.0,0.6830542,0.7981263,0.2152173,0.2717107,flat,454081,0.721191123528438,4.47e-06,916.1047019075265,702.7550980924736,831.0842657637312
447,21822,43672,106348.0696860669,38565.48903885001,1.3331330452000658,8.0,1.043353,1.163785,0.3410653,0.4444726,flat,295435,0.475375871496719,4.4699999999999996e-06,1047.8391721765647,875.7569278234356,974.3211625537087
448,12269,24558,74697.91414285597,25568.913812278643,1.504622323674425,6.0,1.801211,1.773647,0.3894507,0.42823,beam,134740,0.3338996762185662,4.47e-06,1663.5055892974528,1364.4964107025476,1536.4126908366777
449,24811,49674,179496.0924616137,65374.77637752534,1.7157628978602606,14.0,0.8518893,0.4581563,0.6221503,0.1838311,block,243679,0.8023475333034134,4.47e-06,803.0255781290571,558.043021870943,713.4756869225188
454,13683,27394,135053.5638227132,34687.18119248176,1.6890448436801382,8.0,0.6855704,0.5210564,0.3961077,0.2802723,arch,143967,0.603689430287528,4.47e-06,769.4597211040193,651.7664788959808,718.5898466007505
456,19570,39216,103934.80783481926,44457.90661282284,1.589958667154991,20.0,1.006217,0.8540525,0.4872763,0.2444651,beam,198282,0.4645885910216421,4.47e-06,1121.4728837383227,1059.4061162616772,1092.2940154001578
459,19036,38108,117428.47540892208,49299.61447030146,1.6889704639420526,10.0,3.524225,2.955998,0.9702761,0.9535842,flat,186889,0.5249052850778817,4.47e-06,1484.9837630608001,1435.8912369391999,1462.5357477672128
460,25046,50140,201941.44699092515,50627.81476207531,1.4389323671519276,13.0,1.131448,0.8589559,0.3883737,0.2160608,flat,297881,0.9026782680494356,4.470000000000001e-06,1113.6753608771944,719.8989391228058,978.6926846321015
461,57071,114258,93230.38185364685,46428.78688935348,0.932372556780737,30.0,1.564777,1.286476,0.6362439,0.6120586,beam,695254,0.4167398068858014,4.47e-06,3612.9335875195893,2033.9984124804114,3137.6155247397664
462,57160,114436,93234.65800093333,46430.98668212592,0.9309923775023532,30.0,1.554976,1.280133,0.6336529,0.6176583,beam,698501,0.416758921264172,4.47e-06,3622.7695127710185,2028.554487228981,3145.357736457333
464,70148,140380,96641.76964227251,44703.0188406032,0.8282553842551887,22.0,1.083383,0.7704268,0.5548367,0.4201416,arch,940073,0.4319887103009581,4.4699999999999996e-06,1201.6579241048207,843.3519758951794,1069.3103878511188
465,45994,92316,104353.01190255262,70801.44722709204,1.2761620391312969,83.0,1.079728,0.7753223,0.6705296,0.5411382,block,423406,0.4664579632044102,4.4699999999999996e-06,883.8774341061068,605.4574658938933,784.1722597835058
466,27441,54914,99561.97713885774,44522.48389364524,1.3005077935733398,9.0,1.028823,0.8692088,0.4165708,0.2995519,flat,314080,0.4450420378106941,4.47e-06,1173.4272472237756,764.4590527762246,1032.3244135368445
471,23276,46580,116609.96483368408,43209.98823418092,1.3758351211796742,8.0,1.550119,1.419242,0.5694774,0.8400701,beam,296626,0.5212465428065679,4.47e-06,1793.5730974236983,1518.2909025763017,1673.7200840714077
472,18171,36358,124044.08433259564,40158.39051855695,1.5365411714747177,5.0,1.44574,1.033649,0.6287636,0.8058742,beam,207389,0.5544770569667026,4.47e-06,1065.1145811122879,1008.3814188877122,1038.7250842142976
473,23827,47678,147657.560841215,39999.25788718015,1.3106345104648534,7.0,2.293277,1.715566,0.8176945,0.5481309,butterfly,316534,0.660029296960231,4.47e-06,1397.4410118371163,1071.6859881628836,1268.517553334994
474,50682,101384,283997.6211732582,79955.31727466737,1.3037437716302152,6.0,0.4081698,0.2058307,0.2895998,0.1780144,block,641896,1.269469366644464,4.47e-06,559.0289807536462,246.31781924635376,486.2244580088397
475,46566,93152,284832.2653502241,74068.42541425834,1.3108418179731895,6.0,0.4241204,0.2127037,0.2946367,0.1824432,block,603352,1.2732002261155018,4.47e-06,622.5028252319926,275.8888747680074,541.1912192094492
476,49602,99224,306510.41940904746,77934.93377773964,1.303328089612528,6.0,0.3617531,0.2008346,0.2415892,0.1770032,block,656474,1.3701015747584422,4.47e-06,556.5596316596755,252.5362683403246,483.6591331012059
479,33249,66518,64021.22746825886,28000.6016620918,0.9159599434381448,6.0,3.808339,2.417583,2.857064,1.59587,butterfly,365472,0.2861748867831171,4.4699999999999996e-06,1921.0071496791006,1635.0218503208994,1795.7905282902566
482,22118,44292,106915.283613976,53329.9022911725,1.628866139320737,15.0,1.130674,1.007198,0.5669811,0.4421962,flat,202554,0.4779113177544727,4.4699999999999996e-06,1043.908130430753,780.7223695692469,941.1857751914603
483,22132,44320,106914.83460381378,53329.9414906897,1.628296530943937,15.0,1.130763,1.007197,0.5671406,0.4409294,flat,201214,0.4779093106790476,4.47e-06,1026.5215374371924,733.8192625628076,916.8217576626549
484,20193,40442,107818.526174601,54839.65877245172,1.7464631955840433,15.0,1.090912,1.009967,0.531396,0.4126211,flat,172052,0.4819488120004664,4.4699999999999996e-06,986.9170860781995,760.0233139218004,896.2196566526311
485,33371,66762,221173.47148487068,53765.88684066924,1.2781390956567842,6.0,0.4544051,0.2424185,0.3125506,0.1686585,block,422103,0.988645417537372,4.47e-06,723.6533439843365,337.4594560156634,627.9069334775895
486,35470,70960,89787.60781026009,29245.68441939127,0.9046982271917664,6.0,1.197231,0.9552462,0.6391975,0.6583706,butterfly,468762,0.4013506069118626,4.4699999999999996e-06,923.9337272358043,787.1666727641957,865.3854730186255
488,31624,63612,142750.4218202049,88216.14614043364,1.7829045628037947,92.0,1.089939,1.209715,0.3712237,0.2653844,flat,244886,0.638094385536316,4.47e-06,2101.2055449305635,1588.475455069436,1898.4080275923297
489,37586,75200,127578.67351328032,42432.05992234432,1.0611798889645814,8.0,1.010242,1.178496,0.2756323,0.3451726,flat,462555,0.570276670604363,4.47e-06,1051.4142280977876,865.6116719022123,972.9860900518104
492,18174,36368,406146.0673125433,55067.84535406614,1.862012701379876,6.0,0.2511404,0.2117472,0.09112582,0.03829834,flat,223142,1.8154729208870688,4.47e-06,542.4693675365744,305.39953246342554,471.2586058238194
493,20608,41236,496360.646565734,58814.809351363125,1.7980745447761728,6.0,0.2309729,0.2141708,0.09270505,0.1605778,block,291664,2.218732090148831,4.47e-06,476.83925752471004,330.66584247529005,424.02193903371324
494,17035,34110,96046.40631301038,41931.53808934269,1.6548221360989672,11.0,1.250294,1.700681,0.5437955,0.3858097,flat,160706,0.4293274362191564,4.47e-06,1215.7480073241256,986.9834926758743,1119.7391232982575
495,35524,71124,117192.29355741614,82858.9608739764,1.6093390672610033,20.0,0.7112203,0.5813341,0.3486117,0.2622242,block,274980,0.5238495522016502,4.47e-06,660.1135608836933,609.2900391163068,636.9760978222574
496,50839,101734,113319.16120203458,40032.20719241029,0.8816790442011685,15.0,3.101552,3.065633,0.731278,0.4318409,butterfly,656518,0.5065366505730946,4.47e-06,2220.9696168512414,1520.8763831487581,1967.101798315481
497,40756,81552,151454.11895793915,38279.8335583644,0.9891637186646058,11.0,1.051081,1.146459,0.2411211,0.2153351,butterfly,569615,0.676999911741988,4.47e-06,1184.6283070083023,909.8969929916981,1074.5687135595333
498,76153,152350,69348.93339683954,50544.379991858805,0.8343763021601588,12.0,2.355531,2.087852,0.6959127,0.8986597,butterfly,891543,0.3099897322838728,4.47e-06,1604.2418670858374,1051.7651329141622,1413.7877469277341
499,39910,79856,104936.85413087184,44878.52612721603,1.065357079663756,10.0,1.41321,1.535151,0.4105732,0.4388434,butterfly,512072,0.4690677379649972,4.47e-06,1250.9523873721935,908.4416126278068,1120.765646297655
500,18884,37800,97691.4656944399,31110.37595397718,1.3231162598354484,9.0,1.846403,1.463739,0.7444313,0.8901895,arch,212225,0.4366808516541464,4.47e-06,1033.2274038698379,745.4478961301621,925.4523204972204
501,21280,42580,152325.98769206044,38734.25391419393,1.3373044245592915,6.0,1.144889,1.399457,0.3290855,0.4948858,flat,253608,0.6808971649835103,4.47e-06,935.5637440950409,690.8012559049591,841.1546041751184
504,11911,23846,97031.27966819445,35260.833633093025,1.8240629133884063,7.0,1.713121,1.928747,0.3592526,0.6814322,beam,113032,0.4337298201168292,4.47e-06,4304.316726037757,2312.2322739622427,3731.9782710381633
506,12155,24346,82561.00458556217,28703.357367205244,1.6148517451703102,10.0,1.408252,1.30362,0.3888722,0.3770371,beam,120064,0.3690476904974629,4.4699999999999996e-06,1482.6467482955966,1076.4562517044035,1327.5164634734292
507,17742,35504,116191.06501298348,35535.51828434572,1.420990309220307,6.0,2.493531,2.98482,0.4540212,0.2816877,flat,204340,0.5193740606080363,4.47e-06,1648.3529436459157,1500.7860563540844,1580.103661219415
510,51396,102812,93928.84428854963,73025.9987601983,1.198448405051187,6.0,1.167416,0.8756845,0.5507222,0.4407998,block,516151,0.4198619339698169,4.47e-06,619.5941819579074,562.9400180420927,594.8495804479987
511,27893,55806,78232.79414661136,46015.37372737093,1.3318200325947156,6.0,1.397935,1.39189,0.4790938,0.5664492,butterfly,274934,0.3497005898353528,4.47e-06,1128.7591314224162,833.1465685775838,1014.9302551933753
512,37348,74756,138600.72798311594,60617.18519834764,1.268123795500504,16.0,1.231897,0.9171696,0.6079038,0.3291009,butterfly,430964,0.6195452540845283,4.47e-06,1175.7188796147266,706.7779203852732,1026.029871950539
513,30336,60692,254181.86596349563,42631.93067026834,1.1558011546263622,6.0,0.8296382,0.6233193,0.3151088,0.2777379,butterfly,418748,1.1361929408568257,4.47e-06,1260.2257975999505,771.7775024000492,1101.129460243204
514,15819,31658,192053.5412956581,35927.040167691855,1.522215094448478,6.0,1.067333,0.8005671,0.4362559,0.5856448,flat,200727,0.8584793295915918,4.47e-06,892.0850372840634,685.3800627159364,809.6656072187517
515,47221,94462,153575.68611748124,48853.68393615026,1.0016047606859035,6.0,1.385842,0.9398919,0.5683656,0.297532,butterfly,656279,0.6864833169451412,4.47e-06,1187.4463422260797,754.3942577739203,1041.3014389879427
517,29607,59234,135658.38134525984,52199.54055206791,1.3510022892225204,6.0,1.73318,1.007175,0.8612753,0.356164,flat,369323,0.6063929646133115,4.47e-06,1185.4959252433644,1112.9940747566354,1151.5068829876789
518,31486,62992,114708.80067410776,66424.30872163876,1.4730161093320293,6.0,4.242461,1.118508,3.043192,0.5300581,other,282907,0.5127483390132617,4.47e-06,1767.9652691726506,675.7173308273497,1545.6181812143518
519,28297,56614,108734.16004946428,54716.310434047205,1.4398229289783862,6.0,1.951478,0.8490217,1.208465,0.2949493,flat,269652,0.4860416954211053,4.4699999999999996e-06,1034.982801039766,485.70539896023405,897.5984637527181
520,34037,68094,99436.72571964146,45743.794213453344,1.1449507678067643,6.0,2.779522,1.074659,1.730848,0.4322976,flat,372586,0.4444821639667973,4.4699999999999996e-06,2321.9227169495184,659.4223830504816,2072.836180715762
523,32878,65792,93929.92959631488,32668.85148023625,0.9892325610095324,10.0,2.421582,2.687009,0.6919242,0.7898149,butterfly,427178,0.4198667852955275,4.47e-06,2131.1155276089303,1381.5844723910695,1873.0988795448038
524,33992,68020,93871.24483348572,32581.658617070305,0.9738580833773656,10.0,2.416403,2.705851,0.6774808,0.8103439,butterfly,431610,0.4196044644056812,4.47e-06,1887.8434946309808,1234.2325053690192,1661.2220058760959
525,48748,97516,319175.3757226629,76415.44310028655,1.29706945577403,6.0,0.350822,0.2059433,0.2196545,0.1663958,block,699886,1.4267139294803033,4.47e-06,506.4916252620866,289.7240747379134,441.2802352834421
527,50522,101064,288419.7310761756,79754.61447970984,1.3052459703064974,6.0,0.4083007,0.2119307,0.2689998,0.179582,block,660979,1.289236197910505,4.47e-06,489.1658937777062,261.91690622229373,425.12598964622237
533,23999,48186,68189.73892535301,31912.84118283576,1.1683594905848178,48.0,1.819848,1.975122,0.388899,0.8534799,beam,339500,0.304808132996328,4.47e-06,1690.682700964692,1369.6372990353077,1556.4398491991265
534,14687,29394,112160.77647095006,30697.54343132529,1.5064614737482935,6.0,1.825634,1.89509,0.4517978,0.5798132,butterfly,150631,0.5013586708251468,4.47e-06,1306.9465022344077,1142.3614977655923,1233.4539867331896
535,20914,41860,211247.9836613112,56908.64568857472,1.7613632800064274,9.0,0.6513906,0.5853777,0.3611234,0.2951584,block,218977,0.9442784869660612,4.47e-06,774.9964060402477,466.10509395975225,676.5013819163047
536,24596,49228,93580.28150729206,33551.811860035974,1.1632174018290875,10.0,1.343085,1.118422,0.4218121,0.3297811,beam,266278,0.4183038583375955,4.4699999999999996e-06,1428.7547759825368,976.9835240174632,1265.3045366228203
537,19589,39198,309276.4059978541,53065.92150425991,1.742144718131349,6.0,0.3051979,0.2204327,0.1594679,0.166514,block,238354,1.3824655348104078,4.47e-06,606.1001502852438,333.53504971475616,526.6719352751862
538,19835,39690,309271.48228847474,53066.329836745135,1.731743038716184,6.0,0.3066231,0.2191125,0.1615709,0.1604452,block,241932,1.3824435258294825,4.470000000000001e-06,568.4036917663091,319.89060823369095,494.4788049737724
545,120174,240356,89957.88835088637,92270.67763160996,0.8812377932996509,3.0,1.076257,0.8632891,0.5927262,0.3649443,block,987260,0.402111760928462,4.4699999999999996e-06,1121.7347790678095,774.3225209321904,995.3045080014408
546,17482,34992,143447.6811493868,49011.84795015079,1.7866872705934649,8.0,0.7597599,0.7752439,0.6717404,0.2271931,block,161947,0.641211134737759,4.47e-06,668.4876468905261,612.6140531094741,643.1523588522631
547,69820,139736,83194.79032634346,68905.1292019357,1.0120584074806602,25.0,1.428489,0.7174107,0.9767345,0.3664212,block,634723,0.3718807127587553,4.47e-06,980.2875250764788,784.8493749235212,899.4010094150495
548,69357,138762,56478.01467360977,52019.403242745815,0.8770104964873141,13.0,1.915709,3.237015,1.245413,0.7021601,flat,640725,0.2524567255910356,4.469999999999999e-06,1593.403543619016,1271.1644563809841,1459.9607941530485
549,47811,95690,116535.25055140015,68380.54837059572,1.2376364557696171,18.0,0.7583985,0.5980632,0.4625332,0.2527673,block,451255,0.5209125699647588,4.47e-06,1061.2262169361206,877.8996830638794,983.007610158187
550,110599,221414,133322.79206819783,63768.85210808893,0.7763238427051787,55.0,0.9256089,0.9114445,0.5739083,0.2321098,block,1223955,0.5959528805448443,4.47e-06,1098.4714298017918,1036.0375701982082,1069.113578245548
551,35537,71142,57152.42154418711,49573.89579196153,1.21651857973414,18.0,2.445956,3.330081,1.173954,0.6037377,flat,304145,0.2554713243025164,4.47e-06,1584.0242864787488,1182.9157135212513,1427.0681819643378
552,39295,78626,105805.05286383096,56031.55992372849,1.1988175885142598,10.0,1.602469,1.278577,0.7730782,0.2307522,block,402295,0.4729485863013244,4.47e-06,1443.354713554381,932.3560864456186,1268.0019073682183
553,24980,49988,189873.50188063167,34568.020114416715,1.1774532339388586,8.0,0.4338667,0.3986045,0.2076234,0.2397654,flat,318529,0.8487345534064237,4.47e-06,733.6300903280114,508.5864096719886,652.2264296779686
554,60202,120656,65684.12842308424,72430.09734972601,1.1424837723750223,64.0,1.913257,2.202815,0.8691602,0.469737,flat,464108,0.2936080540511866,4.47e-06,1467.9345271316415,1147.7824728683586,1337.5490896445633
556,46224,92612,90854.30461570864,46127.606338065416,1.0173414660114342,42.0,1.169367,1.038864,0.4702314,0.3945963,beam,528928,0.4061187416322176,4.47e-06,1083.5996653804111,864.401834619589,994.0343081394375
559,28248,56528,146640.6935632273,38012.72172760104,1.2014760490651542,9.0,0.7684478,0.5788183,0.5167483,0.3092617,flat,348039,0.6554839002276261,4.47e-06,957.991483674092,581.1273163259079,836.6494180369937
560,43944,88320,156849.40759548935,59305.9501307058,1.2102363680742434,109.0,0.6409472,0.4983591,0.3928674,0.271403,flat,532566,0.7011168519518375,4.47e-06,745.354514447273,530.511185552727,665.476029460859
561,53593,107214,100778.47101687864,52757.50500479855,0.993253995559513,8.0,0.9188657,0.865717,0.3982261,0.3288864,beam,622613,0.4504797654454475,4.4699999999999996e-06,966.5751331612286,636.0915668387714,851.5733006201697
562,57382,114792,100731.38270838094,52686.3065619145,0.9591087815419512,8.0,0.9201542,0.8717718,0.4000901,0.3191381,beam,665877,0.4502692807064629,4.47e-06,937.0403364866886,628.8303635133113,827.883848833766
564,17436,34892,174156.61575099925,50981.18151329973,1.814761058675079,6.0,0.8710891,0.694552,0.3166988,0.2392028,flat,165118,0.7784800724069667,4.47e-06,1017.004771685624,683.4018283143761,898.5367793809891
565,17093,34206,181323.7221136728,49033.80819057949,1.797759649983683,6.0,0.7981685,0.6538466,0.2766559,0.2020012,flat,168910,0.8105170378481175,4.47e-06,1037.175247508447,730.4137524915529,923.4130455809035
566,71162,142344,77102.09500386874,77897.01063044435,1.045396763647205,6.0,1.504011,1.064246,0.7140086,0.6195096,block,645498,0.3446463646672933,4.47e-06,705.7858220318975,660.2236779681026,686.0383133989894
569,40789,81618,113913.25410597563,41117.45029963,1.0209366073256645,11.0,2.48575,2.179978,1.04213,0.5297961,arch,473641,0.5091922458537111,4.47e-06,1879.5550901076408,1288.6839098923592,1665.3790540255393
570,23623,47282,204115.9431713016,52653.60195402976,1.5400167381674892,10.0,1.054138,0.8802979,0.353151,0.1719952,flat,296359,0.9123982659757182,4.47e-06,1244.702985354458,798.2190146455421,1092.915761802345
571,17609,35238,112087.0805228718,31548.091839829453,1.3676145046270871,6.0,1.808433,1.966298,0.455797,0.5795174,butterfly,183576,0.501029249937237,4.47e-06,1603.9076700812634,1120.0373299187363,1425.42256142626
572,39162,78856,155313.713042075,64784.527477527074,1.335514223387953,134.0,0.6420161,0.5087147,0.4071132,0.2673387,arch,442662,0.6942522972980752,4.47e-06,776.8958938157866,531.0926061842133,688.6914830974243
575,44514,89048,212067.59009995303,43784.350118639,0.9739120040078144,6.0,1.111698,0.8183776,0.4102916,0.2129434,flat,595731,0.94794212774679,4.4699999999999996e-06,713.1187052086046,368.44289479139536,618.4981157317376
576,11892,23832,78308.56396621339,29350.8443336065,1.6748298182790569,13.0,2.754735,0.9911463,2.067934,0.4152017,arch,111484,0.3500392809289739,4.47e-06,1708.2393043240832,1087.2266956759172,1498.4186273081366
580,32438,65024,111254.41684123976,50488.17625947313,1.2408013052455338,38.0,2.013993,2.072723,0.6664336,0.7591377,flat,357790,0.4973072432803417,4.4699999999999996e-06,1680.155859078553,1368.7981409214467,1548.891921058729
586,21655,43358,111292.165150224,41223.56112306741,1.4265764401341503,13.0,1.204722,1.297564,0.3085379,0.3531334,butterfly,238587,0.4974759782215013,4.47e-06,1446.3766328226532,1101.0833671773469,1309.1312215645155
587,35247,70530,117113.42929488924,50811.1592482892,1.1869120561694024,10.0,10.53083,6.062685,4.798464,0.4600265,other,413708,0.523497028948155,4.47e-06,4793.220247800102,2516.836752199899,4153.090832632125
589,28644,57308,104195.97995895628,32102.081594943447,1.055797837217483,6.0,1.200519,1.07585,0.996006,0.401337,flat,355359,0.4657560304165345,4.4699999999999996e-06,825.6685970672019,712.1422029327981,776.1007464066955
590,63778,127592,90287.11709376112,42823.25801647714,0.8309482530116287,10.0,2.13031,2.066259,0.6109115,0.5722007,flat,819895,0.4035834134091122,4.47e-06,2210.017173963103,1484.5298260368968,1951.7542972164808
592,80124,160244,172883.8702554537,106876.3984143728,1.1600402769563825,-0.0,0.6874867,0.4240874,0.4191437,0.2093548,block,914929,0.772790900041878,4.47e-06,623.2380765253932,433.1301234746069,554.131418575666
595,46823,94158,120026.0346227627,69156.29928321342,1.2478541660154403,129.0,1.510512,1.087895,0.6274984,0.3598411,arch,460319,0.5365163747637494,4.47e-06,1015.0500058719006,811.0955941280993,930.6848037612733
596,40528,81076,185316.06317809623,45969.41465003936,1.0480466684197725,6.0,0.6739796,0.7998807,0.225181,0.2324851,flat,582988,0.8283628024060902,4.47e-06,658.2730485224334,606.3887514775664,634.7375716031704
597,28644,57308,104195.97995895628,32102.08159494345,1.055797837217483,6.0,1.201395,1.075257,0.994919,0.4011734,arch,358166,0.4657560304165345,4.4699999999999996e-06,829.9562395377737,755.0976604622261,796.0787132075634
598,25275,50682,102636.98262319255,47393.784804134426,1.3893574271653326,34.0,2.03034,2.367905,0.6488449,0.9621736,flat,261808,0.4587873123256707,4.4699999999999996e-06,1771.6289612772302,1109.2280387227697,1551.4238770442462
600,54040,108240,69252.0516469499,35874.70082074267,0.8258166443019136,41.0,3.877953,4.401375,0.7222558,1.457712,beam,590536,0.309556670861866,4.4699999999999996e-06,3886.863866936248,3698.984133063752,3797.041981144797
601,20070,40160,257533.368270072,48499.0351791196,1.6389671537430013,6.0,0.5284506,0.501884,0.1583378,0.2651342,flat,280020,1.151174156167222,4.47e-06,561.0786088783506,371.98379112164946,495.71455924782964
605,22483,44986,118520.23007652586,30378.822644534725,1.1817240943081673,6.0,4.528113,4.293437,0.960821,0.436881,butterfly,280549,0.5297854284420707,4.47e-06,3263.2173237572333,2070.792676242767,2860.2287766584336
606,15346,30716,115077.60168592316,44908.19318305802,1.830263750247033,7.0,1.352103,1.17241,0.4734227,0.5825998,flat,136748,0.5143968795360766,4.47e-06,1428.4707643192796,1039.4192356807202,1279.7179049606987
610,44103,88530,102235.36169464132,69113.41657407452,1.2905923606668934,82.0,1.020967,0.7767212,0.5764043,0.4301134,block,391072,0.4569920667750468,4.47e-06,837.0441057556716,651.5157942443284,762.3684680331355
611,78941,157902,83919.90737299192,47818.04661785239,0.7929496806569076,6.0,5.603368,7.792802,2.193185,1.138768,beam,940110,0.3751219859572739,4.47e-06,5173.690366255095,4871.512633744905,5029.9411253334765
614,19882,39804,197669.37162571616,54353.11807332233,1.758661357169114,11.0,0.6004078,0.6039102,0.4268237,0.4914199,flat,206583,0.8835820911669513,4.47e-06,364.6413787892878,317.0013212107122,345.5348712219796
615,36872,73900,124996.0141866528,63877.80406707107,1.334990256622364,40.0,1.553212,0.7417072,1.247641,0.4027899,block,326828,0.5587321834143381,4.47e-06,2131.718379019007,781.1398209809932,1868.6086278300336
616,21113,42246,305617.7022772409,51418.94988408824,1.616380325110967,6.0,0.5842503,0.4156737,0.264896,0.2725885,flat,262703,1.3661111291792671,4.47e-06,736.7394759814752,491.97842401852495,651.474507992147
623,15686,31404,46968.70845846176,22369.75412635978,1.2146376135023014,9.0,4.006623,3.933871,0.7498896,1.12688,beam,192630,0.2099501268093241,4.47e-06,2371.6940628643356,2271.3509371356645,2323.947697166827
624,29214,58448,182383.35880525285,41160.895446063485,1.200281400499833,6.0,0.7583939,0.5526466,0.3204222,0.2553263,flat,374563,0.8152536138594804,4.47e-06,719.1387708886249,430.2912291113752,627.7862491470086
625,79049,158150,79880.48114433081,45150.286771985775,0.7749720247294508,14.0,5.92722,8.171566,2.275805,1.161098,beam,938196,0.3570657507151588,4.47e-06,5286.043370462003,4943.570629537999,5123.946387303054
626,18969,37978,168419.12029183283,44882.78998813921,1.5903299114382523,11.0,1.73017,1.826851,0.4921486,0.3341075,flat,208540,0.7528334677044929,4.47e-06,1304.2280041873216,975.6169958126782,1175.3962820364031
628,32423,64902,91316.4686321025,31678.72618784158,1.0125801318975916,15.0,1.387795,1.067089,0.5998184,0.4073595,arch,454608,0.4081846147854981,4.4699999999999996e-06,1798.4053258090694,1309.0846741909304,1611.0720514613863
630,24320,48660,95345.5774536518,30949.634456176544,1.1491356653021374,6.0,1.321775,1.54362,0.3207391,0.5774016,beam,283004,0.4261947312178236,4.47e-06,1114.2053769397037,1031.1466230602962,1075.9912828750053
631,9065,18150,64257.29548133524,25353.559413274525,1.7758892075779622,6.0,2.079509,2.199358,0.5841216,0.9919956,beam,82414,0.2872301108015685,4.4699999999999996e-06,1994.7389225506186,1327.8130774493811,1759.7605846603108
633,39735,79630,115174.40913545572,58271.11971653113,1.2224499673055471,41.0,4.427827,0.9769762,3.760839,0.4720077,block,378748,0.5148296088354871,4.47e-06,4960.362110099445,2146.178889900554,4309.311671579
634,42405,84854,307640.73368111055,73622.06918311556,1.3466627773868824,12.0,0.3210982,0.2388842,0.1656774,0.1746341,block,565751,1.3751540795545645,4.470000000000001e-06,637.9389534756426,410.77304652435737,560.8865590266449
